TrnYear,TrnMonth,Branch,BranchName,Rep1,Rep2,Customer,CustomerName,InvoiceDate,Invoice,SalesOrder,CustomerPoNumber,NetSalesValue,Brand,ProductClass,QtyInvoiced,Area,OrderDate
2023,1,210,SCC,1, ,1205932,DYNAMIC ARCHITECTURAL INTERIORS,2023-01-05 00:00:00,210-1038326,210-1021594,RMA:210-1002660,764.00,IHG,SCW,3.000000, ,2022-11-04 00:00:00
2023,1,210,SCC,1, ,1257672,ELLE KOLE INTERIORS,2023-01-23 00:00:00,210-1038646,210-1022421,10197,1068.00,N/A,GABBY,1.000000, ,2023-01-19 00:00:00
2023,1,210,SCC,1, ,1256858,HART HOWERTON,2023-01-18 00:00:00,210-1038559,210-1022366,SAMPLE CHAISE,1421.00,N/A,SCW,1.000000, ,2023-01-13 00:00:00
2023,1,210,SCC,1, ,1160391,PACIFICA HOST HOTELS,2023-01-25 00:00:00,210-1038717,210-1022422,RMA:210-1002768,2000.00,N/A,GABBY,2.000000, ,2023-01-19 00:00:00
2023,1,210,SCC,1, ,1213406,RSL DESIGN CENTER SA DE CV,2023-01-30 00:00:00,210-1038803,210-1021328,PR-G37B-10309,1718.00,N/A,SCW,2.000000, ,2022-10-17 00:00:00
2023,1,210,SCC,AAW, ,1252993,VALERO SERVICE INC.,2023-01-27 00:00:00,210-1038756,210-1019805,4505597522/ 4505767498,2652.00,N/A,SCW,3.000000, ,2022-06-30 00:00:00
2023,1,210,SCC,AK, ,1207469,BARBARA FIBAK DESIGN LLC,2023-01-12 00:00:00,210-1038458,210-1022087,PR.221213J -2,1032.00,N/A,SCW,8.000000, ,2022-12-20 00:00:00
2023,1,210,SCC,AK, ,1161681,JUDD BROWN DESIGNS DBA JBD ARCHITECTURAL GROUP LLC,2023-01-20 00:00:00,210-1038618,210-1020714,21P27-0026,18875.00,N/A,SCW,41.000000, ,2022-09-06 00:00:00
2023,1,210,SCC,AK, ,1161681,JUDD BROWN DESIGNS DBA JBD ARCHITECTURAL GROUP LLC,2023-01-24 00:00:00,210-1038671,210-1020714,21P27-0026,2548.00,N/A,SCW,28.000000, ,2022-09-06 00:00:00
2023,1,210,SCC,AK, ,1217866,MKH DESIGN,2023-01-09 00:00:00,210-1038385,210-1022238,1002-B,1753.00,N/A,GABBY,4.000000, ,2023-01-05 00:00:00
2023,1,210,SCC,AK, ,1217866,MKH DESIGN,2023-01-13 00:00:00,210-1038481,210-1021520,HYANNISPORT SAMPLE,187.00,N/A,SCC,1.000000, ,2022-11-01 00:00:00
2023,1,210,SCC,AK, ,1217866,MKH DESIGN,2023-01-31 00:00:00,210-1003249,210-8003270,RMA:210-1002407,-21888.00,N/A,SCW,-90.000000, ,2023-01-30 00:00:00
2023,1,210,SCC,AK, ,1213197,THORNDIKE CONSTRUCTION CORP.,2023-01-17 00:00:00,210-1038532,210-1020171,COPPERWORKS BUILDING 6 PATIO,884.00,N/A,SCW,1.000000, ,2022-08-01 00:00:00
2023,1,210,SCC,AK, ,1213197,THORNDIKE CONSTRUCTION CORP.,2023-01-26 00:00:00,210-1038732,210-1022468,COPPERWORKS BLDG 6 PATIO - TWO,522.00,N/A,SCW,3.000000, ,2023-01-24 00:00:00
2023,1,210,SCC,AK,JF,1161200,FURNITURE SOLUTIONS GROUP,2023-01-12 00:00:00,210-1038459,210-1019422,0527-0056,11258.00,N/A,SCW,13.000000, ,2022-06-03 00:00:00
2023,1,210,SCC,AK,JF,1161200,FURNITURE SOLUTIONS GROUP,2023-01-12 00:00:00,210-1038460,210-1019922,0526-0062,4386.00,N/A,SCW,6.000000, ,2022-07-12 00:00:00
2023,1,210,SCC,AK,JF,1161200,FURNITURE SOLUTIONS GROUP,2023-01-20 00:00:00,210-1038608,210-1016246,0452-0039,448.00,N/A,SCW,1.000000, ,2021-09-24 00:00:00
2023,1,210,SCC,AK,JHC,1256211,RMA RESIDENCE ONE LLC,2023-01-25 00:00:00,210-1038703,210-1021348,778192,1507.00,N/A,SCW,3.000000, ,2022-10-18 00:00:00
2023,1,210,SCC,AK,KWT,1255885,HOMESTEAD L.C. DBA THE OMNI HOMESTEAD RESORT,2023-01-09 00:00:00,210-1038384,210-1021654,442-0260,9348.00,OMNI,SCW,6.000000, ,2022-11-09 00:00:00
2023,1,210,SCC,AK,SK,1222313,OMNI HOTELS & RESORT,2023-01-30 00:00:00,210-1038815,210-1022077,RMA:210-1002722,948.00,N/A,SCW,1.000000, ,2022-12-19 00:00:00
2023,1,210,SCC,AKING,JHC,1250188,BRE TURTLE BAY RESORT LLC,2023-01-03 00:00:00,210-1038278,210-1018228,TBS016-G,1053.00,N/A,GABBY,1.000000, ,2022-03-09 00:00:00
2023,1,210,SCC,AL, ,1162136,BROOKDALE MILWAUKEE OFFICE,2023-01-17 00:00:00,210-1038519,210-1017356,3173519,390.00,N/A,SCW,1.000000, ,2021-12-29 00:00:00
2023,1,210,SCC,AL, ,1162136,BROOKDALE MILWAUKEE OFFICE,2023-01-25 00:00:00,210-1038695,210-1020711,RMA:210-1002545,1884.00,N/A,SCW,3.000000, ,2022-09-06 00:00:00
2023,1,210,SCC,AL, ,1162136,BROOKDALE MILWAUKEE OFFICE,2023-01-25 00:00:00,210-1038723,210-1021037,3481429,2129.00,N/A,SCW,2.000000, ,2022-09-29 00:00:00
2023,1,210,SCC,AL, ,1162136,BROOKDALE MILWAUKEE OFFICE,2023-01-30 00:00:00,210-1003239,210-8003254,RMA:210-1002545,-1884.00,N/A,SCW,-3.000000, ,2023-01-26 00:00:00
2023,1,210,SCC,AL, ,1255806,CEDAR CREEK SENIOR LIVING,2023-01-13 00:00:00,210-1038477,210-1021073,9837-072722-1442-5,2335.00,N/A,SCW,12.000000, ,2022-09-30 00:00:00
2023,1,210,SCC,AL, ,1255806,CEDAR CREEK SENIOR LIVING,2023-01-13 00:00:00,210-1038478,210-1021074,9837-072722-1443-3,7114.00,N/A,SCW,24.000000, ,2022-09-30 00:00:00
2023,1,210,SCC,AL, ,1255806,CEDAR CREEK SENIOR LIVING,2023-01-13 00:00:00,210-1038480,210-1021075,9837-072722-1444-5,4002.00,N/A,SCW,9.000000, ,2022-09-30 00:00:00
2023,1,210,SCC,AL, ,1224394,CURE LAND COMPANY,2023-01-04 00:00:00,210-1003205,210-8003116,RMA:210-1001982,-1082.00,N/A,SCW,.000000, ,2022-10-20 00:00:00
2023,1,210,SCC,AL, ,1162150,DIRECT SUPPLY ELDERCARE INT,2023-01-03 00:00:00,210-1038271,210-1020989,33955892,1962.00,N/A,WJO,24.000000, ,2022-09-26 00:00:00
2023,1,210,SCC,AL, ,1162150,DIRECT SUPPLY ELDERCARE INT,2023-01-03 00:00:00,210-1038272,210-1021648,34136681,5717.00,N/A,SCW,12.000000, ,2022-11-09 00:00:00
2023,1,210,SCC,AL, ,1162150,DIRECT SUPPLY ELDERCARE INT,2023-01-03 00:00:00,210-1038274,210-1022132,34295010,1077.00,N/A,GABBY,1.000000, ,2022-12-27 00:00:00
2023,1,210,SCC,AL, ,1162150,DIRECT SUPPLY ELDERCARE INT,2023-01-04 00:00:00,210-1003206,210-8003230,RMA:210-1002726,-600.00,N/A,GABBY,.000000, ,2022-12-30 00:00:00
2023,1,210,SCC,AL, ,1162150,DIRECT SUPPLY ELDERCARE INT,2023-01-04 00:00:00,210-1038289,210-1022193,34319670,1325.00,N/A,GABBY,3.000000, ,2023-01-03 00:00:00
2023,1,210,SCC,AL, ,1162150,DIRECT SUPPLY ELDERCARE INT,2023-01-04 00:00:00,210-1038290,210-1022195,34319687,283.00,N/A,GABBY,1.000000, ,2023-01-03 00:00:00
2023,1,210,SCC,AL, ,1162150,DIRECT SUPPLY ELDERCARE INT,2023-01-04 00:00:00,210-1038298,210-1021086,33987162,14680.84,N/A,SCW,38.000000, ,2022-09-30 00:00:00
2023,1,210,SCC,AL, ,1162150,DIRECT SUPPLY ELDERCARE INT,2023-01-04 00:00:00,210-1038299,210-1022078,33869648,484.00,N/A,SCW,1.000000, ,2022-12-19 00:00:00
2023,1,210,SCC,AL, ,1162150,DIRECT SUPPLY ELDERCARE INT,2023-01-04 00:00:00,210-1038301,210-1022170,34303807,322.00,N/A,GABBY,1.000000, ,2022-12-29 00:00:00
2023,1,210,SCC,AL, ,1162150,DIRECT SUPPLY ELDERCARE INT,2023-01-04 00:00:00,210-1038302,210-1022178,34317874,219.00,N/A,GABBY,1.000000, ,2022-12-30 00:00:00
2023,1,210,SCC,AL, ,1162150,DIRECT SUPPLY ELDERCARE INT,2023-01-04 00:00:00,210-1038303,210-1022188,34319199,423.00,N/A,GABBY,2.000000, ,2022-12-30 00:00:00
2023,1,210,SCC,AL, ,1162150,DIRECT SUPPLY ELDERCARE INT,2023-01-04 00:00:00,210-1038305,210-1022187,34319069,1688.00,N/A,GABBY,6.000000, ,2022-12-30 00:00:00
2023,1,210,SCC,AL, ,1162150,DIRECT SUPPLY ELDERCARE INT,2023-01-05 00:00:00,210-1038322,210-1020177,33751981,1280.00,N/A,SCW,20.000000, ,2022-08-01 00:00:00
2023,1,210,SCC,AL, ,1162150,DIRECT SUPPLY ELDERCARE INT,2023-01-05 00:00:00,210-1038335,210-1022202,34320556,17885.80,N/A,SCW,40.000000, ,2023-01-03 00:00:00
2023,1,210,SCC,AL, ,1162150,DIRECT SUPPLY ELDERCARE INT,2023-01-05 00:00:00,210-1038336,210-1022192,34319583,993.00,N/A,GABBY,4.000000, ,2023-01-03 00:00:00
2023,1,210,SCC,AL, ,1162150,DIRECT SUPPLY ELDERCARE INT,2023-01-05 00:00:00,210-1038337,210-1022198,34319909,2243.00,N/A,GABBY,4.000000, ,2023-01-03 00:00:00
2023,1,210,SCC,AL, ,1162150,DIRECT SUPPLY ELDERCARE INT,2023-01-09 00:00:00,210-1003215,210-8003235,RMA:210-1002743,-3340.00,N/A,SCW,-5.000000, ,2023-01-05 00:00:00
2023,1,210,SCC,AL, ,1162150,DIRECT SUPPLY ELDERCARE INT,2023-01-09 00:00:00,210-1038380,210-1022117,34288797,1024.00,N/A,GABBY,2.000000, ,2022-12-27 00:00:00
2023,1,210,SCC,AL, ,1162150,DIRECT SUPPLY ELDERCARE INT,2023-01-09 00:00:00,210-1038381,210-1022155,34300034,963.00,N/A,GABBY,2.000000, ,2022-12-29 00:00:00
2023,1,210,SCC,AL, ,1162150,DIRECT SUPPLY ELDERCARE INT,2023-01-09 00:00:00,210-1038382,210-1022250,34338984,2105.00,N/A,GABBY,5.000000, ,2023-01-05 00:00:00
2023,1,210,SCC,AL, ,1162150,DIRECT SUPPLY ELDERCARE INT,2023-01-09 00:00:00,210-1038383,210-1020661,33873220,590.00,N/A,SCW,2.000000, ,2022-08-31 00:00:00
2023,1,210,SCC,AL, ,1162150,DIRECT SUPPLY ELDERCARE INT,2023-01-12 00:00:00,210-1038465,210-1021430,34064843,5271.00,N/A,GABBY,11.000000, ,2022-10-25 00:00:00
2023,1,210,SCC,AL, ,1162150,DIRECT SUPPLY ELDERCARE INT,2023-01-12 00:00:00,210-1038468,210-1022309,34354658,248.00,N/A,GABBY,1.000000, ,2023-01-10 00:00:00
2023,1,210,SCC,AL, ,1162150,DIRECT SUPPLY ELDERCARE INT,2023-01-13 00:00:00,210-1038472,210-1021641,34135054,11537.75,N/A,SCW,33.000000, ,2022-11-09 00:00:00
2023,1,210,SCC,AL, ,1162150,DIRECT SUPPLY ELDERCARE INT,2023-01-13 00:00:00,210-1038473,210-1021642,34134688,13329.45,N/A,SCW,37.000000, ,2022-11-09 00:00:00
2023,1,210,SCC,AL, ,1162150,DIRECT SUPPLY ELDERCARE INT,2023-01-13 00:00:00,210-1038475,210-1022293,RMA:210-1002752,600.00,N/A,GABBY,1.000000, ,2023-01-09 00:00:00
2023,1,210,SCC,AL, ,1162150,DIRECT SUPPLY ELDERCARE INT,2023-01-13 00:00:00,210-1038487,210-1020176,33752994,5570.00,N/A,SCW,10.000000, ,2022-08-01 00:00:00
2023,1,210,SCC,AL, ,1162150,DIRECT SUPPLY ELDERCARE INT,2023-01-16 00:00:00,210-1038500,210-1020194,33753021,3342.00,N/A,SCW,6.000000, ,2022-08-02 00:00:00
2023,1,210,SCC,AL, ,1162150,DIRECT SUPPLY ELDERCARE INT,2023-01-16 00:00:00,210-1038501,210-1020178,33753048,5570.00,N/A,SCW,10.000000, ,2022-08-01 00:00:00
2023,1,210,SCC,AL, ,1162150,DIRECT SUPPLY ELDERCARE INT,2023-01-16 00:00:00,210-1038502,210-1020189,33752972,2228.00,N/A,SCW,4.000000, ,2022-08-02 00:00:00
2023,1,210,SCC,AL, ,1162150,DIRECT SUPPLY ELDERCARE INT,2023-01-17 00:00:00,210-1003222,210-8003245,RMA:210-1002752,-600.00,N/A,GABBY,-1.000000, ,2023-01-13 00:00:00
2023,1,210,SCC,AL, ,1162150,DIRECT SUPPLY ELDERCARE INT,2023-01-17 00:00:00,210-1038533,210-1021152,34002221,557.00,N/A,SCW,1.000000, ,2022-10-05 00:00:00
2023,1,210,SCC,AL, ,1162150,DIRECT SUPPLY ELDERCARE INT,2023-01-17 00:00:00,210-1038536,210-1022371,34371321,203.00,N/A,GABBY,1.000000, ,2023-01-16 00:00:00
2023,1,210,SCC,AL, ,1162150,DIRECT SUPPLY ELDERCARE INT,2023-01-19 00:00:00,210-1038570,210-1021128,33995704,17683.00,N/A,SCW,71.000000, ,2022-10-04 00:00:00
2023,1,210,SCC,AL, ,1162150,DIRECT SUPPLY ELDERCARE INT,2023-01-19 00:00:00,210-1038573,210-1021696,34148310,6601.68,N/A,SCW,20.000000, ,2022-11-14 00:00:00
2023,1,210,SCC,AL, ,1162150,DIRECT SUPPLY ELDERCARE INT,2023-01-19 00:00:00,210-1038574,210-1021071,33968487,5623.00,N/A,SCW,13.000000, ,2022-09-30 00:00:00
2023,1,210,SCC,AL, ,1162150,DIRECT SUPPLY ELDERCARE INT,2023-01-19 00:00:00,210-1038585,210-1022378,RMA:210-1002764,616.00,N/A,GABBY,1.000000, ,2023-01-16 00:00:00
2023,1,210,SCC,AL, ,1162150,DIRECT SUPPLY ELDERCARE INT,2023-01-19 00:00:00,210-1038586,210-1021771,34168807,1813.00,N/A,SCW,5.000000, ,2022-11-18 00:00:00
2023,1,210,SCC,AL, ,1162150,DIRECT SUPPLY ELDERCARE INT,2023-01-19 00:00:00,210-1038589,210-1020882,33925853,4383.36,N/A,SCW,16.000000, ,2022-09-16 00:00:00
2023,1,210,SCC,AL, ,1162150,DIRECT SUPPLY ELDERCARE INT,2023-01-19 00:00:00,210-1038591,210-1021769,34168798,1240.00,N/A,SCW,4.000000, ,2022-11-18 00:00:00
2023,1,210,SCC,AL, ,1162150,DIRECT SUPPLY ELDERCARE INT,2023-01-19 00:00:00,210-1038592,210-1021887,34226934,780.00,N/A,GABBY,1.000000, ,2022-12-05 00:00:00
2023,1,210,SCC,AL, ,1162150,DIRECT SUPPLY ELDERCARE INT,2023-01-20 00:00:00,210-1003226,210-8003248,RMA:210-1002764,-616.00,N/A,GABBY,.000000, ,2023-01-19 00:00:00
2023,1,210,SCC,AL, ,1162150,DIRECT SUPPLY ELDERCARE INT,2023-01-20 00:00:00,210-1038610,210-1020990,33956913,12516.96,N/A,SCW,26.000000, ,2022-09-26 00:00:00
2023,1,210,SCC,AL, ,1162150,DIRECT SUPPLY ELDERCARE INT,2023-01-25 00:00:00,210-1038693,210-1020189,33752972,4642.00,N/A,SCW,10.000000, ,2022-08-02 00:00:00
2023,1,210,SCC,AL, ,1162150,DIRECT SUPPLY ELDERCARE INT,2023-01-25 00:00:00,210-1038694,210-1020194,33753021,4642.00,N/A,SCW,10.000000, ,2022-08-02 00:00:00
2023,1,210,SCC,AL, ,1162150,DIRECT SUPPLY ELDERCARE INT,2023-01-25 00:00:00,210-1038697,210-1021821,34190349,1184.00,N/A,SCW,4.000000, ,2022-11-29 00:00:00
2023,1,210,SCC,AL, ,1162150,DIRECT SUPPLY ELDERCARE INT,2023-01-25 00:00:00,210-1038698,210-1020661,33873220,380.00,N/A,SCW,4.000000, ,2022-08-31 00:00:00
2023,1,210,SCC,AL, ,1162150,DIRECT SUPPLY ELDERCARE INT,2023-01-25 00:00:00,210-1038702,210-1022452,34396511,254.00,N/A,GABBY,1.000000, ,2023-01-23 00:00:00
2023,1,210,SCC,AL, ,1162150,DIRECT SUPPLY ELDERCARE INT,2023-01-25 00:00:00,210-1038705,210-1020669,33874286,9936.00,N/A,SCW,16.000000, ,2022-09-01 00:00:00
2023,1,210,SCC,AL, ,1162150,DIRECT SUPPLY ELDERCARE INT,2023-01-25 00:00:00,210-1038706,210-1020176,33752994,7024.00,N/A,SCW,16.000000, ,2022-08-01 00:00:00
2023,1,210,SCC,AL, ,1162150,DIRECT SUPPLY ELDERCARE INT,2023-01-25 00:00:00,210-1038712,210-1020177,33751981,6120.00,N/A,SCW,20.000000, ,2022-08-01 00:00:00
2023,1,210,SCC,AL, ,1162150,DIRECT SUPPLY ELDERCARE INT,2023-01-25 00:00:00,210-1038713,210-1020178,33753048,4077.00,N/A,SCW,9.000000, ,2022-08-01 00:00:00
2023,1,210,SCC,AL, ,1162150,DIRECT SUPPLY ELDERCARE INT,2023-01-25 00:00:00,210-1038716,210-1022230,34334928,844.00,N/A,SCW,2.000000, ,2023-01-04 00:00:00
2023,1,210,SCC,AL, ,1162150,DIRECT SUPPLY ELDERCARE INT,2023-01-25 00:00:00,210-1038718,210-1020041,33711680,5482.00,N/A,SCW,19.000000, ,2022-07-21 00:00:00
2023,1,210,SCC,AL, ,1162150,DIRECT SUPPLY ELDERCARE INT,2023-01-25 00:00:00,210-1038719,210-1020096,33726954,3512.00,N/A,SCW,8.000000, ,2022-07-26 00:00:00
2023,1,210,SCC,AL, ,1162150,DIRECT SUPPLY ELDERCARE INT,2023-01-25 00:00:00,210-1038720,210-1020260,33776407,3004.00,N/A,SCW,8.000000, ,2022-08-05 00:00:00
2023,1,210,SCC,AL, ,1162150,DIRECT SUPPLY ELDERCARE INT,2023-01-25 00:00:00,210-1038721,210-1020672,33874309,9936.00,N/A,SCW,16.000000, ,2022-09-01 00:00:00
2023,1,210,SCC,AL, ,1162150,DIRECT SUPPLY ELDERCARE INT,2023-01-25 00:00:00,210-1038724,210-1021338,RMA:210-1002625,1296.00,N/A,SCW,2.000000, ,2022-10-18 00:00:00
2023,1,210,SCC,AL, ,1162150,DIRECT SUPPLY ELDERCARE INT,2023-01-26 00:00:00,210-1003232,210-8003127,RMA:210-1002625,-1772.00,N/A,SCW,.000000, ,2022-10-31 00:00:00
2023,1,210,SCC,AL, ,1162150,DIRECT SUPPLY ELDERCARE INT,2023-01-26 00:00:00,210-1038744,210-1020261,33776438,3004.00,N/A,SCW,8.000000, ,2022-08-05 00:00:00
2023,1,210,SCC,AL, ,1162150,DIRECT SUPPLY ELDERCARE INT,2023-01-27 00:00:00,210-1038766,210-1020201,33751939,5078.00,N/A,SCW,18.000000, ,2022-08-02 00:00:00
2023,1,210,SCC,AL, ,1162150,DIRECT SUPPLY ELDERCARE INT,2023-01-27 00:00:00,210-1038767,210-1022416,RMA:210-1002766,1013.56,N/A,SCW,2.000000, ,2023-01-19 00:00:00
2023,1,210,SCC,AL, ,1162150,DIRECT SUPPLY ELDERCARE INT,2023-01-30 00:00:00,210-1003247,210-8003262,RMA:210-1002625,-1296.00,N/A,SCW,.000000, ,2023-01-26 00:00:00
2023,1,210,SCC,AL, ,1162150,DIRECT SUPPLY ELDERCARE INT,2023-01-30 00:00:00,210-1038804,210-1021736,34157375,1006.05,N/A,SCW,3.000000, ,2022-11-16 00:00:00
2023,1,210,SCC,AL, ,1162150,DIRECT SUPPLY ELDERCARE INT,2023-01-30 00:00:00,210-1038805,210-1022352,34357629,603.25,N/A,SCW,1.000000, ,2023-01-12 00:00:00
2023,1,210,SCC,AL, ,1162150,DIRECT SUPPLY ELDERCARE INT,2023-01-30 00:00:00,210-1038807,210-1022369,34371238,984.00,N/A,GABBY,4.000000, ,2023-01-16 00:00:00
2023,1,210,SCC,AL, ,1162150,DIRECT SUPPLY ELDERCARE INT,2023-01-30 00:00:00,210-1038809,210-1021399,34058876,4103.00,N/A,SCW,9.000000, ,2022-10-21 00:00:00
2023,1,210,SCC,AL, ,1162150,DIRECT SUPPLY ELDERCARE INT,2023-01-30 00:00:00,210-1038812,210-1020041,33711680,584.00,N/A,SCW,1.000000, ,2022-07-21 00:00:00
2023,1,210,SCC,AL, ,1162150,DIRECT SUPPLY ELDERCARE INT,2023-01-31 00:00:00,210-1003248,210-8003268,RMA:210-1002766,-1013.56,N/A,SCW,.000000, ,2023-01-30 00:00:00
2023,1,210,SCC,AL, ,1162150,DIRECT SUPPLY ELDERCARE INT,2023-01-31 00:00:00,210-1038842,210-1021128,33995704,2898.00,N/A,SCW,14.000000, ,2022-10-04 00:00:00
2023,1,210,SCC,AL, ,1160024,JENNIFER SCHMITT,2023-01-10 00:00:00,210-1038410,210-1021973,9837-120922-1645-1,1659.00,N/A,GABBY,5.000000, ,2022-12-12 00:00:00
2023,1,210,SCC,AL, ,1246339,SANTA ROSA GOLF AND BEACH CLUB,2023-01-11 00:00:00,210-1038445,210-1016147,9837-090821-949-4,7344.00,N/A,SCW,12.000000, ,2021-09-16 00:00:00
2023,1,210,SCC,AL, ,1172933,TABOR CONSTRUCTION & DEVELOPMENT,2023-01-05 00:00:00,210-1038333,210-1021757,LEATHERMAN,1828.00,N/A,SCW,5.000000, ,2022-11-17 00:00:00
2023,1,210,SCC,BH, ,1218142,MEYER DESIGN INC.,2023-01-16 00:00:00,210-1038507,210-1019459,19217-0063,968.00,N/A,GABBY,2.000000, ,2022-06-07 00:00:00
2023,1,210,SCC,BH, ,1161651,PHOENIX CONTRACT,2023-01-30 00:00:00,210-1038813,210-1022510,M3027-A,8177.00,N/A,SCW,5.000000, ,2023-01-27 00:00:00
2023,1,210,SCC,BH, ,1161669,RLPS ARCHITECTS,2023-01-04 00:00:00,210-1003207,210-8003218,RMA:210-1002589,-691.00,N/A,SCW,-1.000000, ,2022-12-28 00:00:00
2023,1,210,SCC,BH, ,1254173,SCOPOS HOSPITALITY GROUP,2023-01-30 00:00:00,210-1038811,210-1020294,10154,6372.00,N/A,SCC,17.000000, ,2022-08-08 00:00:00
2023,1,210,SCC,BH, ,1254173,SCOPOS HOSPITALITY GROUP,2023-01-30 00:00:00,210-1038811,210-1020294,10154,8869.00,N/A,SCW,19.000000, ,2022-08-08 00:00:00
2023,1,210,SCC,BH,AK,1257800,HOLIDAY INN EXPRESS - STONY BROOK NY,2023-01-12 00:00:00,210-1038461,210-1021923,3035,1542.00,HGI,SCW,6.000000, ,2022-12-08 00:00:00
2023,1,210,SCC,BH,JF,1161200,FURNITURE SOLUTIONS GROUP,2023-01-18 00:00:00,210-1038543,210-1020425,0544-0002,3132.00,N/A,SCW,6.000000, ,2022-08-16 00:00:00
2023,1,210,SCC,HW, ,1161001,HENRICKSEN,2023-01-16 00:00:00,210-1038504,210-1019819,22030418-MN-1MDH,13455.00,N/A,SCW,19.000000, ,2022-06-30 00:00:00
2023,1,210,SCC,HW, ,1161001,HENRICKSEN,2023-01-16 00:00:00,210-1038505,210-1019825,22031192-MN-1MDH,379.00,N/A,GABBY,1.000000, ,2022-06-30 00:00:00
2023,1,210,SCC,HW, ,1161001,HENRICKSEN,2023-01-31 00:00:00,210-1038834,210-1019823,22031194-MN-1MDH,52646.00,N/A,SCW,130.000000, ,2022-06-30 00:00:00
2023,1,210,SCC,HW, ,1161001,HENRICKSEN,2023-01-31 00:00:00,210-1038834,210-1019823,22031194-MN-1MDH,656.00,N/A,WJO,8.000000, ,2022-06-30 00:00:00
2023,1,210,SCC,HW, ,1194685,IMPACT INTERIORS GROUP,2023-01-04 00:00:00,210-1038315,210-1020513,20167090,10800.00,N/A,SCW,24.000000, ,2022-08-23 00:00:00
2023,1,210,SCC,HW, ,1194685,IMPACT INTERIORS GROUP,2023-01-04 00:00:00,210-1038318,210-1021443,20167319,5311.00,N/A,SCW,13.000000, ,2022-10-25 00:00:00
2023,1,210,SCC,HW, ,1227315,OFFICE REVOLUTION,2023-01-30 00:00:00,210-1038828,210-1018793,210-25-256068,9132.00,N/A,SCW,32.000000, ,2022-04-19 00:00:00
2023,1,210,SCC,HW, ,1181946,RED PEN PROCUREMENT,2023-01-06 00:00:00,210-1038347,210-1016221,61-23819,1278.00,N/A,SCW,18.000000, ,2021-09-23 00:00:00
2023,1,210,SCC,HW, ,1181946,RED PEN PROCUREMENT,2023-01-09 00:00:00,210-1038377,210-1016221,61-23819,71.00,N/A,SCW,1.000000, ,2021-09-23 00:00:00
2023,1,210,SCC,HW, ,1215163,SENIOR LIFESTYLE,2023-01-26 00:00:00,210-1038731,210-1022067,36948-121522-538-3-C,6642.00,N/A,GABBY,18.000000, ,2022-12-19 00:00:00
2023,1,210,SCC,HW, ,1215163,SENIOR LIFESTYLE,2023-01-26 00:00:00,210-1038734,210-1022066,36948-121522-538-3-B,198.00,N/A,GABBY,3.000000, ,2022-12-19 00:00:00
2023,1,210,SCC,HW, ,1215163,SENIOR LIFESTYLE,2023-01-26 00:00:00,210-1038734,210-1022066,36948-121522-538-3-B,1192.00,N/A,SCW,3.000000, ,2022-12-19 00:00:00
2023,1,210,SCC,HW, ,1215163,SENIOR LIFESTYLE,2023-01-26 00:00:00,210-1038734,210-1022066,36948-121522-538-3-B,369.00,N/A,WJO,2.000000, ,2022-12-19 00:00:00
2023,1,210,SCC,HW, ,1215163,SENIOR LIFESTYLE,2023-01-31 00:00:00,210-1038835,210-1022062,36948-121522-539-1-A,3547.00,N/A,GABBY,3.000000, ,2022-12-19 00:00:00
2023,1,210,SCC,HW, ,1215163,SENIOR LIFESTYLE,2023-01-31 00:00:00,210-1038837,210-1022063,36948-121522-540-A,1322.00,N/A,GABBY,1.000000, ,2022-12-19 00:00:00
2023,1,210,SCC,HW, ,1215163,SENIOR LIFESTYLE,2023-01-31 00:00:00,210-1038838,210-1022069,36948-121522-538-3-A,3607.00,N/A,GABBY,3.000000, ,2022-12-19 00:00:00
2023,1,210,SCC,HW, ,1215163,SENIOR LIFESTYLE,2023-01-31 00:00:00,210-1038839,210-1022071,36948-120322-536-8-A,3607.00,N/A,GABBY,3.000000, ,2022-12-19 00:00:00
2023,1,210,SCC,HW, ,1247747,VI CLASSICS RESIDENCE MGMT LP,2023-01-23 00:00:00,210-1003228,210-8003249,RMA:210-1002652,-1228.00,N/A,GABBY,.000000, ,2023-01-20 00:00:00
2023,1,210,SCC,JF, ,1161215,AMERICAN OFFICE,2023-01-26 00:00:00,210-1038739,210-1020483,131316-157967,5691.00,N/A,SCW,13.000000, ,2022-08-19 00:00:00
2023,1,210,SCC,JF, ,1252447,FOCUS GROUP,2023-01-11 00:00:00,210-1038446,210-1019339,3442-0048-R01,6080.00,N/A,SCW,20.000000, ,2022-05-27 00:00:00
2023,1,210,SCC,JF, ,1161200,FURNITURE SOLUTIONS GROUP,2023-01-10 00:00:00,210-1038406,210-1018778,0461-0105,2800.00,N/A,SCW,5.000000, ,2022-04-18 00:00:00
2023,1,210,SCC,JF, ,1161200,FURNITURE SOLUTIONS GROUP,2023-01-16 00:00:00,210-1038503,210-1020786,0546-0035,2763.00,N/A,RETAIL,9.000000, ,2022-09-09 00:00:00
2023,1,210,SCC,JF, ,1161200,FURNITURE SOLUTIONS GROUP,2023-01-16 00:00:00,210-1038503,210-1020786,0546-0035,4886.00,N/A,SCW,7.000000, ,2022-09-09 00:00:00
2023,1,210,SCC,JF, ,1161200,FURNITURE SOLUTIONS GROUP,2023-01-17 00:00:00,210-1038531,210-1020688,RMA:210-1002543,568.00,N/A,SCW,1.000000, ,2022-09-01 00:00:00
2023,1,210,SCC,JF, ,1161200,FURNITURE SOLUTIONS GROUP,2023-01-23 00:00:00,210-1038647,210-1022423,0428-0107,1308.00,N/A,SCW,5.000000, ,2023-01-19 00:00:00
2023,1,210,SCC,JF, ,1161200,FURNITURE SOLUTIONS GROUP,2023-01-25 00:00:00,210-1038700,210-1022420,RMA:210-1002767,259.00,N/A,SCW,1.000000, ,2023-01-19 00:00:00
2023,1,210,SCC,JF, ,1161200,FURNITURE SOLUTIONS GROUP,2023-01-30 00:00:00,210-1038808,210-1022509,0582-0015-1,800.00,N/A,GABBY,2.000000, ,2023-01-26 00:00:00
2023,1,210,SCC,JF, ,1216431,M. CARTER DESIGN LLC,2023-01-03 00:00:00,210-1038266,210-1022129,11608,469.00,N/A,GABBY,1.000000, ,2022-12-27 00:00:00
2023,1,210,SCC,JF, ,1257087,METROPOLITAN STUDIO,2023-01-31 00:00:00,210-1038850,210-1022435,6,6054.00,N/A,SCW,13.000000, ,2023-01-20 00:00:00
2023,1,210,SCC,JF, ,1162035,OBO/OPS/RDCH,2023-01-05 00:00:00,210-1038324,210-1021077,BUJUMBURA CMR,39398.00,N/A,SCW,52.000000, ,2022-09-30 00:00:00
2023,1,210,SCC,JF, ,1162035,OBO/OPS/RDCH,2023-01-11 00:00:00,210-1038428,210-1021081,19AQMM22P1647,34936.00,N/A,SCW,64.000000, ,2022-09-30 00:00:00
2023,1,210,SCC,JF, ,1162035,OBO/OPS/RDCH,2023-01-12 00:00:00,210-1038453,210-1021008,19PCRD22KM045-A,3666.00,N/A,GABBY,2.000000, ,2022-09-27 00:00:00
2023,1,210,SCC,JF, ,1162035,OBO/OPS/RDCH,2023-01-16 00:00:00,210-1038498,210-1020978,19AQMM22P1449,66138.00,N/A,SCW,171.000000, ,2022-09-23 00:00:00
2023,1,210,SCC,JF, ,1162035,OBO/OPS/RDCH,2023-01-30 00:00:00,210-1038827,210-1021019,19AQMM22P1567,2439.00,N/A,SCC,3.000000, ,2022-09-28 00:00:00
2023,1,210,SCC,JF, ,1162035,OBO/OPS/RDCH,2023-01-30 00:00:00,210-1038827,210-1021019,19AQMM22P1567,60003.00,N/A,SCW,135.000000, ,2022-09-28 00:00:00
2023,1,210,SCC,JF, ,1161207,PRICE MODERN,2023-01-06 00:00:00,210-1038352,210-1022123,10133251,980.00,N/A,GABBY,4.000000, ,2022-12-27 00:00:00
2023,1,210,SCC,JF, ,1162066,SUNRISE SENIOR LIVING,2023-01-03 00:00:00,210-1038270,210-1021179,982835,7132.00,N/A,SCW,24.000000, ,2022-10-06 00:00:00
2023,1,210,SCC,JF, ,1162066,SUNRISE SENIOR LIVING,2023-01-04 00:00:00,210-1038306,210-1021105,982147,5134.00,N/A,SCW,6.000000, ,2022-10-03 00:00:00
2023,1,210,SCC,JF, ,1162066,SUNRISE SENIOR LIVING,2023-01-04 00:00:00,210-1038314,210-1019910,961568,5604.00,N/A,SCW,11.000000, ,2022-07-11 00:00:00
2023,1,210,SCC,JF, ,1162066,SUNRISE SENIOR LIVING,2023-01-05 00:00:00,210-1038338,210-1021832,995081,14012.00,N/A,SCW,28.000000, ,2022-11-29 00:00:00
2023,1,210,SCC,JF, ,1162066,SUNRISE SENIOR LIVING,2023-01-13 00:00:00,210-1038490,210-1021832,995081,12090.00,N/A,SCW,15.000000, ,2022-11-29 00:00:00
2023,1,210,SCC,JF, ,1162066,SUNRISE SENIOR LIVING,2023-01-24 00:00:00,210-1038678,210-1021832,995081,9590.00,N/A,SCW,79.000000, ,2022-11-29 00:00:00
2023,1,210,SCC,JF, ,1162066,SUNRISE SENIOR LIVING,2023-01-27 00:00:00,210-1038764,210-1021950,998184,1152.00,N/A,SCW,6.000000, ,2022-12-09 00:00:00
2023,1,210,SCC,JF,AL,1162150,DIRECT SUPPLY ELDERCARE INT,2023-01-04 00:00:00,210-1038297,210-1020558,33839383,8709.00,N/A,SCW,27.000000, ,2022-08-25 00:00:00
2023,1,210,SCC,JF,AL,1162150,DIRECT SUPPLY ELDERCARE INT,2023-01-19 00:00:00,210-1038590,210-1020678,33876073,3342.00,N/A,SCW,6.000000, ,2022-09-01 00:00:00
2023,1,210,SCC,JF,AL,1162150,DIRECT SUPPLY ELDERCARE INT,2023-01-24 00:00:00,210-1038675,210-1020678,33876073,963.00,N/A,SCW,3.000000, ,2022-09-01 00:00:00
2023,1,210,SCC,JF,AL,1162150,DIRECT SUPPLY ELDERCARE INT,2023-01-24 00:00:00,210-1038679,210-1022426,RMA:210-1002769,957.00,N/A,SCW,1.000000, ,2023-01-20 00:00:00
2023,1,210,SCC,JF,WRI,1257087,METROPOLITAN STUDIO,2023-01-04 00:00:00,210-1038304,210-1021765,7,4792.00,N/A,GABBY,12.000000, ,2022-11-18 00:00:00
2023,1,210,SCC,JHC, ,1249106,BEACH CONDOS IN DESTIN INC.,2023-01-24 00:00:00,210-1038666,210-1021349,9837-100622-1554-1,6260.00,N/A,GABBY,7.000000, ,2022-10-19 00:00:00
2023,1,210,SCC,JHC, ,1250188,BRE TURTLE BAY RESORT LLC,2023-01-31 00:00:00,210-1038841,210-1018226,TBS016,15694.00,N/A,SCW,42.000000, ,2022-03-09 00:00:00
2023,1,210,SCC,JHC, ,1256209,BROOKFIELD PROPERTIES LLC AGENT CANISHARBOR HOTE,2023-01-04 00:00:00,210-1038287,210-1021347,W-118.C-047518,21492.00,N/A,SCW,72.000000, ,2022-10-18 00:00:00
2023,1,210,SCC,JHC, ,1239897,EASON BUILDERS GROUP INC,2023-01-09 00:00:00,210-1038379,210-1022223,9306GULF,727.00,N/A,GABBY,1.000000, ,2023-01-04 00:00:00
2023,1,210,SCC,JHC, ,1253686,G&G INTERIORS,2023-01-16 00:00:00,210-1038508,210-1019973,7594-062722-271-2,2416.00,N/A,SCW,4.000000, ,2022-07-15 00:00:00
2023,1,210,SCC,JHC, ,1250172,GROUP 4 DESIGN INC.,2023-01-26 00:00:00,210-1038738,210-1019384,223018-11130,22749.00,N/A,SCW,149.000000, ,2022-06-01 00:00:00
2023,1,210,SCC,JHC, ,1238084,HOLLY DENNIS INTERIORS,2023-01-04 00:00:00,210-1003209,210-8003221,RMA:210-1002731,-740.00,N/A,GABBY,-1.000000, ,2022-12-29 00:00:00
2023,1,210,SCC,JHC, ,1203801,HOSPITALITY PURVEYORS INC.,2023-01-10 00:00:00,210-1038419,210-1017534,533958,3055.00,N/A,GABBY,5.000000, ,2022-01-13 00:00:00
2023,1,210,SCC,JHC, ,1203801,HOSPITALITY PURVEYORS INC.,2023-01-18 00:00:00,210-1038545,210-1019703,548704,1710.00,N/A,SCC,5.000000, ,2022-06-22 00:00:00
2023,1,210,SCC,JHC, ,1203801,HOSPITALITY PURVEYORS INC.,2023-01-18 00:00:00,210-1038545,210-1019703,548704,3100.00,N/A,SCW,5.000000, ,2022-06-22 00:00:00
2023,1,210,SCC,JHC, ,1161697,KIAWAH GOLF RESORT,2023-01-31 00:00:00,210-1038846,210-1022497,10261-011823-363,464.00,N/A,GABBY,1.000000, ,2023-01-26 00:00:00
2023,1,210,SCC,JHC, ,1189595,LORI BATES INTERIORS,2023-01-13 00:00:00,210-1038485,210-1022019,22-357-LORI,580.00,N/A,SCW,5.000000, ,2022-12-15 00:00:00
2023,1,210,SCC,JHC, ,1189595,LORI BATES INTERIORS,2023-01-17 00:00:00,210-1038535,210-1022354,RMA:210-1002758,1128.00,N/A,SCW,1.000000, ,2023-01-12 00:00:00
2023,1,210,SCC,JHC, ,1189595,LORI BATES INTERIORS,2023-01-23 00:00:00,210-1038648,210-1022394,23-031-SMART,337.00,N/A,GABBY,1.000000, ,2023-01-17 00:00:00
2023,1,210,SCC,JHC, ,1207648,MICAMY DESIGN STUDIO,2023-01-03 00:00:00,210-1038269,210-1020999,21-048.1-013,14383.50,N/A,GABBY,16.000000, ,2022-09-26 00:00:00
2023,1,210,SCC,JHC, ,1254443,MIZSER GRAND CONDOMINIUM,2023-01-12 00:00:00,210-1038456,210-1020445,MGB3322-0003,12012.00,N/A,SCW,33.000000, ,2022-08-17 00:00:00
2023,1,210,SCC,JHC, ,1226298,MY LIFE DESIGNS,2023-01-27 00:00:00,210-1038763,210-1021874,DECKER,284.00,N/A,SCW,4.000000, ,2022-12-02 00:00:00
2023,1,210,SCC,JHC, ,1160595,NOLLER DESIGN,2023-01-13 00:00:00,210-1038483,210-1020603,LAP01-0001,8149.00,N/A,SCC,23.000000, ,2022-08-29 00:00:00
2023,1,210,SCC,JHC, ,1160595,NOLLER DESIGN,2023-01-13 00:00:00,210-1038483,210-1020603,LAP01-0001,6053.00,N/A,SCW,23.000000, ,2022-08-29 00:00:00
2023,1,210,SCC,JHC, ,1160595,NOLLER DESIGN,2023-01-18 00:00:00,210-1038562,210-1021279,REN01,6615.00,N/A,SCW,16.000000, ,2022-10-13 00:00:00
2023,1,210,SCC,JHC, ,1245008,ORANGE CAPITAL ADVISORS,2023-01-26 00:00:00,210-1038733,210-1022351,RMA:210-1002757,521.00,N/A,SCW,1.000000, ,2023-01-12 00:00:00
2023,1,210,SCC,JHC, ,1160807,PEACOCK + LEWIS ARCHITECTS,2023-01-20 00:00:00,210-1038613,210-1018973,20068-0003,19824.00,N/A,SCW,42.000000, ,2022-05-03 00:00:00
2023,1,210,SCC,JHC, ,1190824,PICERNE DEVELOPMENT,2023-01-05 00:00:00,210-1038329,210-1022227,RMA:210-1002740,556.00,N/A,SCW,2.000000, ,2023-01-04 00:00:00
2023,1,210,SCC,JHC, ,1190824,PICERNE DEVELOPMENT,2023-01-16 00:00:00,210-1038499,210-1018386,10261-030822-2170-2,1455.00,N/A,SCW,1.000000, ,2022-03-21 00:00:00
2023,1,210,SCC,JHC, ,1254818,ROYAL PALM YACHT  & COUNTRY CLUB,2023-01-20 00:00:00,210-1038607,210-1020610,10261-082622-88,1792.00,N/A,SCW,4.000000, ,2022-08-29 00:00:00
2023,1,210,SCC,JHC, ,1161689,SF JENKINS INTERIORS,2023-01-18 00:00:00,210-1038558,210-1021277,RMA:210-1002619,1806.00,N/A,SCW,1.000000, ,2022-10-13 00:00:00
2023,1,210,SCC,JHC, ,1187084,SHELTON TAYLOR AND ASSOCIATES,2023-01-20 00:00:00,210-1038617,210-1021436,RMA:210-1002638,891.00,N/A,SCW,1.000000, ,2022-10-25 00:00:00
2023,1,210,SCC,JHC, ,1218626,SPINA O'ROURKE INTERIORS,2023-01-20 00:00:00,210-1038609,210-1019739,LHALF-0001,10803.00,N/A,SCW,30.000000, ,2022-06-24 00:00:00
2023,1,210,SCC,JHC, ,1247277,TEXTURES LLC,2023-01-17 00:00:00,210-1038530,210-1019854,RMA:210-1002441,451.00,N/A,SCW,1.000000, ,2022-07-05 00:00:00
2023,1,210,SCC,JHC, ,1247277,TEXTURES LLC,2023-01-18 00:00:00,210-1003224,210-8003084,RMA:210-1002441,-451.00,N/A,SCW,.000000, ,2022-10-13 00:00:00
2023,1,210,SCC,JHC, ,1160762,THE CARROLL ADAMS GROUP,2023-01-20 00:00:00,210-1038616,210-1019572,RMA:210-1002392,472.00,N/A,SCW,1.000000, ,2022-06-15 00:00:00
2023,1,210,SCC,JHC, ,1160762,THE CARROLL ADAMS GROUP,2023-01-23 00:00:00,210-1003227,210-8003082,RMA:210-1002392,-472.00,N/A,SCW,-1.000000, ,2022-10-13 00:00:00
2023,1,210,SCC,JHC, ,1197105,THE SEA PINES RESORT,2023-01-20 00:00:00,210-1038614,210-1022302,90.999.6431.00.3498,9154.00,N/A,SCW,46.000000, ,2023-01-10 00:00:00
2023,1,210,SCC,JHC, ,1197105,THE SEA PINES RESORT,2023-01-20 00:00:00,210-1038615,210-1022304,90.999.6431.00.3508,39800.00,N/A,SCW,200.000000, ,2023-01-10 00:00:00
2023,1,210,SCC,JHC, ,1160731,THE VILLAGES,2023-01-13 00:00:00,210-1038493,210-1021706,6153,2268.00,N/A,SCW,8.000000, ,2022-11-14 00:00:00
2023,1,210,SCC,JHC, ,1160780,WEGMAN DESIGN GROUP,2023-01-09 00:00:00,210-1038372,210-1018888,7594-040622-223,32844.00,N/A,SCW,107.000000, ,2022-04-26 00:00:00
2023,1,210,SCC,JHC, ,1160780,WEGMAN DESIGN GROUP,2023-01-18 00:00:00,210-1038561,210-1022240,CGC SAMPLE,851.00,N/A,SCW,2.000000, ,2023-01-05 00:00:00
2023,1,210,SCC,JHC, ,1252856,WYNN DEVELOPMENT LTD,2023-01-06 00:00:00,210-1038356,210-1022226,RMA:210-1002739,2010.00,N/A,GABBY,6.000000, ,2023-01-04 00:00:00
2023,1,210,SCC,JHC,AL,1162150,DIRECT SUPPLY ELDERCARE INT,2023-01-17 00:00:00,210-1038528,210-1018735,33363144,3456.00,N/A,SCW,8.000000, ,2022-04-14 00:00:00
2023,1,210,SCC,JHC,KL,1207591,ALLEGRO AT PARKLAND LLC.,2023-01-12 00:00:00,210-1038466,210-1021489,10261-101922-223-1,15545.00,N/A,SCW,111.000000, ,2022-10-28 00:00:00
2023,1,210,SCC,JHC,KWT,1258240,LE CONTE VILLAGE HOTEL PARTNERS LLC,2023-01-30 00:00:00,210-1038816,210-1022173,MIH-0063,1600.00,N/A,SCW,1.000000, ,2022-12-30 00:00:00
2023,1,210,SCC,JHC,MWT,1237579,WEST END RESTAURANTS/ BRICKTOPS,2023-01-31 00:00:00,210-1038843,210-1020568,10261-081622-31-1,4636.00,N/A,SCW,12.000000, ,2022-08-25 00:00:00
2023,1,210,SCC,KL, ,1215845,MTMC INTERIOR DESIGN CORPORATION,2023-01-10 00:00:00,210-1038405,210-1020728,22-0662-002,4494.00,N/A,SCW,14.000000, ,2022-09-07 00:00:00
2023,1,210,SCC,KL, ,1198344,RDG PLANNING & DESIGN,2023-01-23 00:00:00,210-1038650,210-1022407,8-14-7432,248.00,N/A,GABBY,1.000000, ,2023-01-18 00:00:00
2023,1,210,SCC,KL, ,1226726,ROZELL DESIGN GROUP LLC,2023-01-17 00:00:00,210-1038537,210-1020500,567,75383.00,N/A,SCW,218.000000, ,2022-08-23 00:00:00
2023,1,210,SCC,KL, ,1226726,ROZELL DESIGN GROUP LLC,2023-01-25 00:00:00,210-1038722,210-1020729,7543-071522-414-1,5940.00,N/A,SCW,26.000000, ,2022-09-07 00:00:00
2023,1,210,SCC,KL, ,1205167,TRAN + THOMAS,2023-01-06 00:00:00,210-1038353,210-1022209,400179,208.00,N/A,GABBY,1.000000, ,2023-01-03 00:00:00
2023,1,210,SCC,KL,1,1161274,SPELLMAN BRADY & COMPANY,2023-01-09 00:00:00,210-1038378,210-1019806,1-156-37144,883.00,N/A,SCW,2.000000, ,2022-06-30 00:00:00
2023,1,210,SCC,KWT, ,1201452,ALGIERE CONSTRUCTION SERVICES INC.,2023-01-25 00:00:00,210-1038709,210-1020754,2214-0014,1152.00,N/A,SCW,4.000000, ,2022-09-08 00:00:00
2023,1,210,SCC,KWT, ,1218525,ALLIED OUTDOOR SOLUTIONS,2023-01-06 00:00:00,210-1038358,210-1021548,7543-101122-514,4799.00,N/A,SCW,13.000000, ,2022-11-02 00:00:00
2023,1,210,SCC,KWT, ,1187673,AOS,2023-01-04 00:00:00,210-1038295,210-1019637,40591-68146,35315.00,N/A,SCW,76.000000, ,2022-06-17 00:00:00
2023,1,210,SCC,KWT, ,1201200,B2 ARCHITECTURE DESIGN,2023-01-06 00:00:00,210-1038361,210-1022222,RMA:210-1002737,337.00,N/A,GABBY,1.000000, ,2023-01-04 00:00:00
2023,1,210,SCC,KWT, ,1209718,CNMK TEXAS PROPERTIES LLC,2023-01-30 00:00:00,210-1038806,210-1022255,0000192916,4550.00,N/A,GABBY,10.000000, ,2023-01-05 00:00:00
2023,1,210,SCC,KWT, ,1160823,CORTLAND PARTNERS,2023-01-04 00:00:00,210-1038307,210-1022179,401920,2392.00,N/A,SCW,2.000000, ,2022-12-30 00:00:00
2023,1,210,SCC,KWT, ,1161895,CRIMSON DESIGN ASSOCIATES,2023-01-04 00:00:00,210-1038296,210-1021712,PC-1122-022-202623,1950.00,N/A,SCW,6.000000, ,2022-11-14 00:00:00
2023,1,210,SCC,KWT, ,1161929,DAHLGREN DUCK & ASSOCIATES,2023-01-04 00:00:00,210-1038291,210-1022186,RMA:210-1002733/210-1022075,754.00,N/A,WJO,3.000000, ,2022-12-30 00:00:00
2023,1,210,SCC,KWT, ,1161929,DAHLGREN DUCK & ASSOCIATES,2023-01-05 00:00:00,210-1003210,210-8003231,RMA:210-1002733,-754.00,N/A,WJO,-2.000000, ,2022-12-30 00:00:00
2023,1,210,SCC,KWT, ,1161929,DAHLGREN DUCK & ASSOCIATES,2023-01-11 00:00:00,210-1038439,210-1022289,DFBS1-0016,1144.00,N/A,GABBY,2.000000, ,2023-01-09 00:00:00
2023,1,210,SCC,KWT, ,1161929,DAHLGREN DUCK & ASSOCIATES,2023-01-13 00:00:00,210-1038488,210-1020596,LCDC1-0045,2367.00,N/A,SCW,1.000000, ,2022-08-29 00:00:00
2023,1,210,SCC,KWT, ,1161929,DAHLGREN DUCK & ASSOCIATES,2023-01-13 00:00:00,210-1038489,210-1021363,RMA:210-1002629,396.00,N/A,SCW,1.000000, ,2022-10-19 00:00:00
2023,1,210,SCC,KWT, ,1161929,DAHLGREN DUCK & ASSOCIATES,2023-01-24 00:00:00,210-1038676,210-1021356,LCLJ1-0023,4281.00,N/A,SCW,7.000000, ,2022-10-19 00:00:00
2023,1,210,SCC,KWT, ,1161929,DAHLGREN DUCK & ASSOCIATES,2023-01-24 00:00:00,210-1038677,210-1021357,LCLJ1-0011,2451.00,N/A,SCW,5.000000, ,2022-10-19 00:00:00
2023,1,210,SCC,KWT, ,1161929,DAHLGREN DUCK & ASSOCIATES,2023-01-25 00:00:00,210-1038696,210-1021355,LCLJ1-0003,1913.00,N/A,SCW,5.000000, ,2022-10-19 00:00:00
2023,1,210,SCC,KWT, ,1161929,DAHLGREN DUCK & ASSOCIATES,2023-01-26 00:00:00,210-1003234,210-8003263,RMA:210-1002695,-388.00,N/A,SCW,-1.000000, ,2023-01-26 00:00:00
2023,1,210,SCC,KWT, ,1248367,DUNCAN & MILLER,2023-01-05 00:00:00,210-1038327,210-1022008,449-RRDNG-15B.1-SGF,127.35,N/A,SCW,1.000000, ,2022-12-14 00:00:00
2023,1,210,SCC,KWT, ,1248367,DUNCAN & MILLER,2023-01-06 00:00:00,210-1038348,210-1021867,RRDNG-15B-SGF,254.70,N/A,SCW,1.000000, ,2022-12-01 00:00:00
2023,1,210,SCC,KWT, ,1248367,DUNCAN & MILLER,2023-01-06 00:00:00,210-1038350,210-1022009,449-RRDNG-15A.1-SGF,203.00,N/A,SCW,1.000000, ,2022-12-14 00:00:00
2023,1,210,SCC,KWT, ,1248367,DUNCAN & MILLER,2023-01-19 00:00:00,210-1038587,210-1022346,449-RLNG-18B.1-SGF,174.00,N/A,SCW,1.000000, ,2023-01-12 00:00:00
2023,1,210,SCC,KWT, ,1248367,DUNCAN & MILLER,2023-01-19 00:00:00,210-1038588,210-1022347,449-RLNG-18A.1-SGF,87.00,N/A,SCW,1.000000, ,2023-01-12 00:00:00
2023,1,210,SCC,KWT, ,1248367,DUNCAN & MILLER,2023-01-20 00:00:00,210-1038612,210-1021716,449-RLNG-18A-SGF,481.00,N/A,SCW,4.000000, ,2022-11-15 00:00:00
2023,1,210,SCC,KWT, ,1248367,DUNCAN & MILLER,2023-01-25 00:00:00,210-1038710,210-1021715,449-RRDNG-15A-SGF,464.00,N/A,SCW,2.000000, ,2022-11-15 00:00:00
2023,1,210,SCC,KWT, ,1251348,ELLIE AIELLO INTERIORS,2023-01-20 00:00:00,210-1038611,210-1021250,10027,466.00,N/A,SCW,1.000000, ,2022-10-11 00:00:00
2023,1,210,SCC,KWT, ,1161966,FAULKNER DESIGN GROUP INC,2023-01-10 00:00:00,210-1038403,210-1022154,176138,18831.00,N/A,GABBY,15.000000, ,2022-12-29 00:00:00
2023,1,210,SCC,KWT, ,1161966,FAULKNER DESIGN GROUP INC,2023-01-17 00:00:00,210-1038527,210-1022330,RMA:210-1002755,505.00,N/A,SCW,1.000000, ,2023-01-11 00:00:00
2023,1,210,SCC,KWT, ,1161966,FAULKNER DESIGN GROUP INC,2023-01-31 00:00:00,210-1003250,210-8003272,RMA:210-1002665,-1193.00,N/A,GABBY,.000000, ,2023-01-31 00:00:00
2023,1,210,SCC,KWT, ,1161966,FAULKNER DESIGN GROUP INC,2023-01-31 00:00:00,210-1003251,210-8003273,RMA:210-1002755,-505.00,N/A,SCW,-1.000000, ,2023-01-31 00:00:00
2023,1,210,SCC,KWT, ,1254040,HARDWOOD CONSTRUCTION MANAGEMENT,2023-01-30 00:00:00,210-1038817,210-1021454,SHD 863,2086.00,N/A,SCW,2.000000, ,2022-10-26 00:00:00
2023,1,210,SCC,KWT, ,1234734,HOLLY LYDICK INTERIORS,2023-01-05 00:00:00,210-1038339,210-1020029,7543-121521-172-6,1038.00,N/A,SCW,1.000000, ,2022-07-20 00:00:00
2023,1,210,SCC,KWT, ,1161851,HPA DESIGN GROUP,2023-01-19 00:00:00,210-1038580,210-1021553,22154-110,3590.00,N/A,SCW,4.000000, ,2022-11-02 00:00:00
2023,1,210,SCC,KWT, ,1254623,INTERIOR ARCHITECTURE ASSOCIATES LLC.,2023-01-19 00:00:00,210-1038583,210-1022372,2311,2511.00,N/A,GABBY,7.000000, ,2023-01-16 00:00:00
2023,1,210,SCC,KWT, ,1178024,INTERMOUNTAIN RENOVATION CONSULTANTS LLC,2023-01-13 00:00:00,210-1038484,210-1021174,CYBIR-0006,3608.00,N/A,SCW,16.000000, ,2022-10-06 00:00:00
2023,1,210,SCC,KWT, ,1178024,INTERMOUNTAIN RENOVATION CONSULTANTS LLC,2023-01-16 00:00:00,210-1038497,210-1021241,CYLR-0006,798.00,N/A,SCW,14.000000, ,2022-10-11 00:00:00
2023,1,210,SCC,KWT, ,1178024,INTERMOUNTAIN RENOVATION CONSULTANTS LLC,2023-01-26 00:00:00,210-1003233,210-8003252,RMA:210-1002710,-230.00,N/A,SCW,.000000, ,2023-01-24 00:00:00
2023,1,210,SCC,KWT, ,1178024,INTERMOUNTAIN RENOVATION CONSULTANTS LLC,2023-01-30 00:00:00,210-1038820,210-1021249,CYHUNT-0007,5412.00,N/A,SCW,24.000000, ,2022-10-11 00:00:00
2023,1,210,SCC,KWT, ,1161932,KATHY ANDREWS INTERIORS,2023-01-04 00:00:00,210-1038294,210-1022053,000437,824.00,N/A,SCW,2.000000, ,2022-12-19 00:00:00
2023,1,210,SCC,KWT, ,1161932,KATHY ANDREWS INTERIORS,2023-01-18 00:00:00,210-1038563,210-1021785,000081,14529.00,N/A,SCW,32.000000, ,2022-11-22 00:00:00
2023,1,210,SCC,KWT, ,1160385,LANDRY'S DEVELOPMENT,2023-01-31 00:00:00,210-1038836,210-1022271,617-028,21587.00,LANDRYS,SCW,58.000000, ,2023-01-06 00:00:00
2023,1,210,SCC,KWT, ,1187135,LAURA MANCHEE DESIGN,2023-01-11 00:00:00,210-1038440,210-1022082,3962,52.00,N/A,GABBY,2.000000, ,2022-12-20 00:00:00
2023,1,210,SCC,KWT, ,1249879,MAKR DESIGN LLC.,2023-01-10 00:00:00,210-1038420,210-1022216,CHARLESTON AMENITY,596.00,N/A,GABBY,3.000000, ,2023-01-03 00:00:00
2023,1,210,SCC,KWT, ,1161812,MP STUDIO,2023-01-05 00:00:00,210-1038321,210-1022211,RMA:210-1002735,861.00,N/A,GABBY,1.000000, ,2023-01-03 00:00:00
2023,1,210,SCC,KWT, ,1161812,MP STUDIO,2023-01-10 00:00:00,210-1038422,210-1022248,RMA:210-1002735 2,861.00,N/A,GABBY,1.000000, ,2023-01-05 00:00:00
2023,1,210,SCC,KWT, ,1161888,OMNI BARTON CREEK RESORT & SPA,2023-01-16 00:00:00,210-1038510,210-1017198,7543-113021-148,18250.00,N/A,SCW,60.000000, ,2021-12-13 00:00:00
2023,1,210,SCC,KWT, ,1161888,OMNI BARTON CREEK RESORT & SPA,2023-01-16 00:00:00,210-1038511,210-1018744,1310114984,1940.00,OMNI,SCW,5.000000, ,2022-04-14 00:00:00
2023,1,210,SCC,KWT, ,1161933,STUDIOSIX5,2023-01-11 00:00:00,210-1038447,210-1021142,WLC-02 038,290.00,N/A,SCW,2.000000, ,2022-10-04 00:00:00
2023,1,210,SCC,KWT, ,1161933,STUDIOSIX5,2023-01-12 00:00:00,210-1038455,210-1021419,BST-11 001,18016.00,N/A,SCPL,67.000000, ,2022-10-24 00:00:00
2023,1,210,SCC,KWT, ,1161933,STUDIOSIX5,2023-01-12 00:00:00,210-1038455,210-1021419,BST-11 001,1110.00,N/A,SCW,15.000000, ,2022-10-24 00:00:00
2023,1,210,SCC,KWT, ,1161933,STUDIOSIX5,2023-01-18 00:00:00,210-1038560,210-1022390,RMA:210-1002765,762.00,N/A,SCW,4.000000, ,2023-01-17 00:00:00
2023,1,210,SCC,KWT, ,1161887,THIEL AND THIEL INC,2023-01-24 00:00:00,210-1038674,210-1020462,S21AMP1-062,22008.00,N/A,SCW,32.000000, ,2022-08-18 00:00:00
2023,1,210,SCC,KWT, ,1256789,THOMAS TREY SANDS,2023-01-13 00:00:00,210-1038479,210-1021858,110811-12012022-1-S,1688.00,N/A,GABBY,1.000000, ,2022-12-01 00:00:00
2023,1,210,SCC,KWT, ,1215330,TIPLER DESIGN GROUP,2023-01-09 00:00:00,210-1003212,210-8003236,RMA:210-1002699,-839.00,N/A,GABBY,-1.000000, ,2023-01-06 00:00:00
2023,1,210,SCC,KWT, ,1215330,TIPLER DESIGN GROUP,2023-01-10 00:00:00,210-1038421,210-1022235,AUSGIB-FFE2-9,1754.00,N/A,GABBY,2.000000, ,2023-01-04 00:00:00
2023,1,210,SCC,KWT, ,1215330,TIPLER DESIGN GROUP,2023-01-11 00:00:00,210-1038441,210-1021724,TELLREED-MISC1-4,142.00,N/A,SCW,2.000000, ,2022-11-15 00:00:00
2023,1,210,SCC,KWT, ,1215330,TIPLER DESIGN GROUP,2023-01-11 00:00:00,210-1038441,210-1021724,TELLREED-MISC1-4,669.00,N/A,WJO,8.000000, ,2022-11-15 00:00:00
2023,1,210,SCC,KWT,WRI,1255245,HOLIDAY INN RESORT,2023-01-12 00:00:00,210-1038457,210-1020819,360-0117-1,6228.00,N/A,SCW,12.000000, ,2022-09-13 00:00:00
2023,1,210,SCC,M3K, ,1195910,CHAMPION CONSTRUCTION MANAGEMENT,2023-01-11 00:00:00,210-1038449,210-1022288,RMA:210-1002751,469.00,N/A,GABBY,1.000000, ,2023-01-09 00:00:00
2023,1,210,SCC,M3K, ,1161526,KING BUSINESS INTERIORS,2023-01-13 00:00:00,210-1038494,210-1022314,7543-111622-565 SAMPLE ORDER,968.00,N/A,SCW,2.000000, ,2023-01-10 00:00:00
2023,1,210,SCC,M3K, ,1161557,MOSAIC DESIGN STUDIO,2023-01-05 00:00:00,210-1038328,210-1021828,2007248,15687.00,N/A,SCW,48.000000, ,2022-11-29 00:00:00
2023,1,210,SCC,M3K, ,1161557,MOSAIC DESIGN STUDIO,2023-01-10 00:00:00,210-1038404,210-1019708,2007147,7052.00,N/A,SCW,12.000000, ,2022-06-23 00:00:00
2023,1,210,SCC,M3K, ,1237176,RT LONDON,2023-01-18 00:00:00,210-1038546,210-1022264,7543-121222-582-2,4678.00,N/A,SCW,12.000000, ,2023-01-06 00:00:00
2023,1,210,SCC,M3K, ,1240378,THE CAKE BAKE SHOP,2023-01-16 00:00:00,210-1038496,210-1018962,7543-050222-343,410.00,N/A,SCW,2.000000, ,2022-05-03 00:00:00
2023,1,210,SCC,MWT, ,1192189,1192189,2023-01-12 00:00:00,210-1038467,210-1022214,32727-010323-207,379.00,N/A,GABBY,1.000000, ,2023-01-03 00:00:00
2023,1,210,SCC,MWT, ,1161806,AK DESIGNS,2023-01-10 00:00:00,210-1038424,210-1022133,44723-12282022-1-S,522.00,N/A,GABBY,2.000000, ,2022-12-27 00:00:00
2023,1,210,SCC,MWT, ,1160943,CARVER & ASSOCIATES,2023-01-30 00:00:00,210-1038810,210-1018690,G22013061,1185.00,N/A,SCC,3.000000, ,2022-04-11 00:00:00
2023,1,210,SCC,MWT, ,1160943,CARVER & ASSOCIATES,2023-01-30 00:00:00,210-1038810,210-1018690,G22013061,13360.00,N/A,SCW,76.000000, ,2022-04-11 00:00:00
2023,1,210,SCC,MWT, ,1198721,CATORI DESIGN,2023-01-11 00:00:00,210-1038436,210-1021284,PO-10529,6618.00,N/A,GABBY,8.000000, ,2022-10-13 00:00:00
2023,1,210,SCC,MWT, ,1198721,CATORI DESIGN,2023-01-12 00:00:00,210-1038452,210-1021304,32727-100322-1245-2,2572.00,N/A,GABBY,5.000000, ,2022-10-14 00:00:00
2023,1,210,SCC,MWT, ,1198721,CATORI DESIGN,2023-01-16 00:00:00,210-1038512,210-1022316,RMA:210-1002754,1521.00,N/A,GABBY,1.000000, ,2023-01-11 00:00:00
2023,1,210,SCC,MWT, ,1198721,CATORI DESIGN,2023-01-19 00:00:00,210-1038593,210-1022387,PO-10566,392.00,N/A,GABBY,2.000000, ,2023-01-17 00:00:00
2023,1,210,SCC,MWT, ,1198721,CATORI DESIGN,2023-01-25 00:00:00,210-1038711,210-1022455,PO-10568,1009.00,N/A,GABBY,1.000000, ,2023-01-23 00:00:00
2023,1,210,SCC,MWT, ,1198721,CATORI DESIGN,2023-01-27 00:00:00,210-1038754,210-1021967,PO-10534,3568.00,N/A,GABBY,2.000000, ,2022-12-12 00:00:00
2023,1,210,SCC,MWT, ,1198721,CATORI DESIGN,2023-01-30 00:00:00,210-1003241,210-8003256,RMA:210-1002754,-1521.00,N/A,GABBY,-1.000000, ,2023-01-26 00:00:00
2023,1,210,SCC,MWT, ,1198721,CATORI DESIGN,2023-01-30 00:00:00,210-1038795,210-1019785,PO-10461,1147.00,N/A,GABBY,4.000000, ,2022-06-29 00:00:00
2023,1,210,SCC,MWT, ,1160823,CORTLAND PARTNERS,2023-01-04 00:00:00,210-1038317,210-1021370,401260,2598.00,N/A,SCW,2.000000, ,2022-10-19 00:00:00
2023,1,210,SCC,MWT, ,1160823,CORTLAND PARTNERS,2023-01-04 00:00:00,210-1038317,210-1021370,401260,148.00,N/A,WJO,2.000000, ,2022-10-19 00:00:00
2023,1,210,SCC,MWT, ,1160823,CORTLAND PARTNERS,2023-01-05 00:00:00,210-1038320,210-1021726,401606,1102.00,N/A,GABBY,3.000000, ,2022-11-16 00:00:00
2023,1,210,SCC,MWT, ,1160823,CORTLAND PARTNERS,2023-01-09 00:00:00,210-1038375,210-1021394,401268,2036.00,N/A,SCW,2.000000, ,2022-10-21 00:00:00
2023,1,210,SCC,MWT, ,1160823,CORTLAND PARTNERS,2023-01-09 00:00:00,210-1038376,210-1022263,RMA:210-1002746,1241.00,N/A,SCW,1.000000, ,2023-01-06 00:00:00
2023,1,210,SCC,MWT, ,1160823,CORTLAND PARTNERS,2023-01-10 00:00:00,210-1038423,210-1021395,401276,2036.00,N/A,SCW,2.000000, ,2022-10-21 00:00:00
2023,1,210,SCC,MWT, ,1160823,CORTLAND PARTNERS,2023-01-25 00:00:00,210-1038699,210-1021461,401300,142.00,N/A,WJO,2.000000, ,2022-10-26 00:00:00
2023,1,210,SCC,MWT, ,1160823,CORTLAND PARTNERS,2023-01-25 00:00:00,210-1038715,210-1021760,401620,1480.00,N/A,SCW,1.000000, ,2022-11-17 00:00:00
2023,1,210,SCC,MWT, ,1160823,CORTLAND PARTNERS,2023-01-30 00:00:00,210-1003242,210-8003257,RMA:210-1002746,-1241.00,N/A,SCW,-1.000000, ,2023-01-26 00:00:00
2023,1,210,SCC,MWT, ,1160886,DAVIS DEVELOPMENT INC,2023-01-23 00:00:00,210-1038649,210-1022400,080,275.00,N/A,GABBY,1.000000, ,2023-01-18 00:00:00
2023,1,210,SCC,MWT, ,1254192,DESIGNER ACQUISITIONS,2023-01-26 00:00:00,210-1038735,210-1022460,101333-01212023-1-S,289.00,N/A,GABBY,1.000000, ,2023-01-23 00:00:00
2023,1,210,SCC,MWT, ,1210695,DIVERSIFIED RESOURCE GROUP INC,2023-01-04 00:00:00,210-1003208,210-8003232,RMA:210-1002681,-499.00,N/A,SCW,-1.000000, ,2023-01-03 00:00:00
2023,1,210,SCC,MWT, ,1210695,DIVERSIFIED RESOURCE GROUP INC,2023-01-09 00:00:00,210-1003213,210-8003234,RMA:210-1002679,-3471.00,N/A,SCW,-4.000000, ,2023-01-05 00:00:00
2023,1,210,SCC,MWT, ,1210695,DIVERSIFIED RESOURCE GROUP INC,2023-01-09 00:00:00,210-1003214,210-8003233,RMA:210-1002680,-2548.00,N/A,SCW,-2.000000, ,2023-01-05 00:00:00
2023,1,210,SCC,MWT, ,1192307,DOVER SIGNATURE PROPERTIES,2023-01-25 00:00:00,210-1038714,210-1021442,DSP_KH1,8756.00,N/A,SCW,14.000000, ,2022-10-25 00:00:00
2023,1,210,SCC,MWT, ,1160850,FOCUS DESIGN INTERIORS,2023-01-04 00:00:00,210-1038316,210-1021111,81207,8764.00,N/A,SCW,8.000000, ,2022-10-04 00:00:00
2023,1,210,SCC,MWT, ,1160850,FOCUS DESIGN INTERIORS,2023-01-10 00:00:00,210-1038401,210-1019535,79957,10286.00,N/A,SCW,33.000000, ,2022-06-13 00:00:00
2023,1,210,SCC,MWT, ,1160850,FOCUS DESIGN INTERIORS,2023-01-10 00:00:00,210-1038401,210-1019535,79957,1212.00,N/A,WJO,15.000000, ,2022-06-13 00:00:00
2023,1,210,SCC,MWT, ,1160850,FOCUS DESIGN INTERIORS,2023-01-10 00:00:00,210-1038402,210-1022052,81763,9072.00,N/A,SCW,24.000000, ,2022-12-19 00:00:00
2023,1,210,SCC,MWT, ,1160850,FOCUS DESIGN INTERIORS,2023-01-17 00:00:00,210-1038526,210-1019535,79957,86.00,N/A,WJO,1.000000, ,2022-06-13 00:00:00
2023,1,210,SCC,MWT, ,1160850,FOCUS DESIGN INTERIORS,2023-01-30 00:00:00,210-1038819,210-1020456,80755,1956.00,N/A,SCW,8.000000, ,2022-08-18 00:00:00
2023,1,210,SCC,MWT, ,1160834,FOLEY DESIGN ASSOCIATES,2023-01-04 00:00:00,210-1038308,210-1019737,po12306fur,20120.00,N/A,SCW,50.000000, ,2022-06-24 00:00:00
2023,1,210,SCC,MWT, ,1161749,HERSCHEND FAMILY ENTERTAINMENT,2023-01-24 00:00:00,210-1003230,210-8003251,RMA:210-1002621,-275.00,N/A,SCW,-1.000000, ,2023-01-24 00:00:00
2023,1,210,SCC,MWT, ,1215219,HFC INTERIORS,2023-01-04 00:00:00,210-1038300,210-1021919,FOXBANKGABBY,746.00,N/A,GABBY,2.000000, ,2022-12-08 00:00:00
2023,1,210,SCC,MWT, ,1215219,HFC INTERIORS,2023-01-05 00:00:00,210-1038334,210-1021920,FOXBANKSUMCLASS,3624.00,N/A,SCW,12.000000, ,2022-12-08 00:00:00
2023,1,210,SCC,MWT, ,1215219,HFC INTERIORS,2023-01-10 00:00:00,210-1038399,210-1022257,32727-010623-213,9060.00,N/A,SCW,12.000000, ,2023-01-06 00:00:00
2023,1,210,SCC,MWT, ,1215219,HFC INTERIORS,2023-01-26 00:00:00,210-1038737,210-1022473,CHASECRKGABBY,3736.00,N/A,GABBY,8.000000, ,2023-01-24 00:00:00
2023,1,210,SCC,MWT, ,1215219,HFC INTERIORS,2023-01-27 00:00:00,210-1038757,210-1022474,RMA:210-1002773,1404.00,N/A,GABBY,1.000000, ,2023-01-24 00:00:00
2023,1,210,SCC,MWT, ,1255438,HILTON GARDEN INN VANDERBILT,2023-01-17 00:00:00,210-1038534,210-1021647,56188-110922-128,1358.00,N/A,SCW,4.000000, ,2022-11-09 00:00:00
2023,1,210,SCC,MWT, ,1160858,HINT - HARRIS INTERIORS,2023-01-12 00:00:00,210-1038454,210-1016067,205464,17136.00,N/A,SCW,28.000000, ,2021-09-10 00:00:00
2023,1,210,SCC,MWT, ,1161796,INTERIOR DESIGN ASSOCIATES INC,2023-01-04 00:00:00,210-1038288,210-1021701,TBDBA-01630,1371.00,N/A,GABBY,1.000000, ,2022-11-14 00:00:00
2023,1,210,SCC,MWT, ,1209806,INTERIOR ELEMENTS,2023-01-30 00:00:00,210-1003245,210-8003260,RMA:210-1002724,-310.00,N/A,GABBY,-1.000000, ,2023-01-26 00:00:00
2023,1,210,SCC,MWT, ,1232322,JBR DESIGN,2023-01-13 00:00:00,210-1003220,210-8003242,RMA:210-1002720,-2732.00,N/A,GABBY,-2.000000, ,2023-01-12 00:00:00
2023,1,210,SCC,MWT, ,1232322,JBR DESIGN,2023-01-13 00:00:00,210-1003221,210-8003243,RMA:210-1002424,-2518.00,N/A,GABBY,-2.000000, ,2023-01-13 00:00:00
2023,1,210,SCC,MWT, ,1160024,JENNIFER SCHMITT,2023-01-10 00:00:00,210-1038411,210-1022080,9837-122022-1665,2294.00,N/A,GABBY,2.000000, ,2022-12-20 00:00:00
2023,1,210,SCC,MWT, ,1243352,JOEY B COLLECTION & DESIGN,2023-01-16 00:00:00,210-1038506,210-1022338,56188-011223-171,232.00,N/A,GABBY,1.000000, ,2023-01-12 00:00:00
2023,1,210,SCC,MWT, ,1243201,JOLI RESIDENTIAL,2023-01-27 00:00:00,210-1038760,210-1022476,32727-011823-248-2,2838.00,N/A,GABBY,6.000000, ,2023-01-25 00:00:00
2023,1,210,SCC,MWT, ,1238149,LANDMARK PROPERTIES INC.,2023-01-24 00:00:00,210-1038670,210-1022258,RMA:210-1002744,842.00,N/A,SCW,1.000000, ,2023-01-06 00:00:00
2023,1,210,SCC,MWT, ,1238149,LANDMARK PROPERTIES INC.,2023-01-30 00:00:00,210-1003240,210-8003255,RMA:210-1002744,-842.00,N/A,SCW,-1.000000, ,2023-01-26 00:00:00
2023,1,210,SCC,MWT, ,1160045,LIV DEVELOPMENT,2023-01-27 00:00:00,210-1038752,210-1020797,32727-082622-1125-3,1676.00,N/A,SCW,1.000000, ,2022-09-12 00:00:00
2023,1,210,SCC,MWT, ,1253682,MCR DEVELOPMENT c/o ONYX CONTRACT SERVICES LLC,2023-01-03 00:00:00,210-1038279,210-1020346,HGI-1009020,9105.00,HGI,SCW,18.000000, ,2022-08-11 00:00:00
2023,1,210,SCC,MWT, ,1244741,MODA DESIGNS,2023-01-13 00:00:00,210-1038482,210-1022315,32727-011123-224,410.00,N/A,GABBY,1.000000, ,2023-01-11 00:00:00
2023,1,210,SCC,MWT, ,1244741,MODA DESIGNS,2023-01-23 00:00:00,210-1038645,210-1022414,32727-011923-249-1,1285.00,N/A,GABBY,1.000000, ,2023-01-19 00:00:00
2023,1,210,SCC,MWT, ,1244741,MODA DESIGNS,2023-01-30 00:00:00,210-1003244,210-8003259,RMA:210-1002728,-137.00,N/A,GABBY,-1.000000, ,2023-01-26 00:00:00
2023,1,210,SCC,MWT, ,1249314,PUCKETTS LF,2023-01-06 00:00:00,210-1038357,210-1020836,RMA:210-1002569,4590.00,N/A,SCW,5.000000, ,2022-09-14 00:00:00
2023,1,210,SCC,MWT, ,1249314,PUCKETTS LF,2023-01-30 00:00:00,210-1003243,210-8003258,RMA:210-1002569,-4590.00,N/A,SCW,-5.000000, ,2023-01-26 00:00:00
2023,1,210,SCC,MWT, ,1247304,RANGEWATER RESIDENTIAL LLC,2023-01-23 00:00:00,210-1038639,210-1022401,32727-011823-245,756.00,N/A,GABBY,2.000000, ,2023-01-18 00:00:00
2023,1,210,SCC,MWT, ,1181946,RED PEN PROCUREMENT,2023-01-04 00:00:00,210-1038293,210-1021634,61-27639,1206.00,N/A,WJO,14.000000, ,2022-11-09 00:00:00
2023,1,210,SCC,MWT, ,1181946,RED PEN PROCUREMENT,2023-01-11 00:00:00,210-1038438,210-1021507,61-27623,23270.00,N/A,SCW,83.000000, ,2022-10-31 00:00:00
2023,1,210,SCC,MWT, ,1181946,RED PEN PROCUREMENT,2023-01-13 00:00:00,210-1038486,210-1021400,61-27517,17190.00,N/A,GABBY,22.000000, ,2022-10-21 00:00:00
2023,1,210,SCC,MWT, ,1181946,RED PEN PROCUREMENT,2023-01-13 00:00:00,210-1038492,210-1021507,61-27623,5381.00,N/A,SCW,7.000000, ,2022-10-31 00:00:00
2023,1,210,SCC,MWT, ,1181946,RED PEN PROCUREMENT,2023-01-24 00:00:00,210-1038663,210-1021305,61-27149,24352.00,N/A,GABBY,21.000000, ,2022-10-14 00:00:00
2023,1,210,SCC,MWT, ,1181946,RED PEN PROCUREMENT,2023-01-31 00:00:00,210-1038833,210-1021305,61-27149,4632.00,N/A,GABBY,4.000000, ,2022-10-14 00:00:00
2023,1,210,SCC,MWT, ,1252664,SAGESTONE DESIGNS LLC,2023-01-11 00:00:00,210-1038442,210-1022290,56188-010923-167,289.00,N/A,GABBY,1.000000, ,2023-01-09 00:00:00
2023,1,210,SCC,MWT, ,1230241,SIMPLICITY. A SOUTHERN LIFESTYLE. LLC,2023-01-27 00:00:00,210-1038755,210-1022483,RMA:210-1002774,633.00,N/A,GABBY,1.000000, ,2023-01-25 00:00:00
2023,1,210,SCC,MWT, ,1249468,SOHO EVENT RENTALS,2023-01-31 00:00:00,210-1038840,210-1021944,32727-111622-123-4,17838.00,N/A,GABBY,22.000000, ,2022-12-09 00:00:00
2023,1,210,SCC,MWT, ,1257061,ST. LUKE'S EPISCOPAL HOME FOR THE RETIRED INC.,2023-01-11 00:00:00,210-1038448,210-1022277,RMA:210-1002749,5072.00,N/A,GABBY,5.000000, ,2023-01-09 00:00:00
2023,1,210,SCC,MWT, ,1219634,THE FOREHAND GROUP,2023-01-06 00:00:00,210-1038359,210-1022026,FIN-113,4960.00,N/A,SCW,4.000000, ,2022-12-15 00:00:00
2023,1,210,SCC,MWT, ,1219634,THE FOREHAND GROUP,2023-01-06 00:00:00,210-1038359,210-1022026,FIN-113,544.00,N/A,WJO,6.000000, ,2022-12-15 00:00:00
2023,1,210,SCC,MWT, ,1219634,THE FOREHAND GROUP,2023-01-31 00:00:00,210-1038849,210-1020796,ENC-133,469.00,N/A,SCW,1.000000, ,2022-09-12 00:00:00
2023,1,210,SCC,MWT, ,1238958,THE HOME CHOICE,2023-01-06 00:00:00,210-1038349,210-1022005,32727-121322-171-1,558.00,N/A,SCW,6.000000, ,2022-12-14 00:00:00
2023,1,210,SCC,MWT, ,1160833,TRACI RHOADS INTERIORS,2023-01-06 00:00:00,210-1038360,210-1022201,990402,522.00,N/A,GABBY,2.000000, ,2023-01-03 00:00:00
2023,1,210,SCC,MWT, ,1160833,TRACI RHOADS INTERIORS,2023-01-27 00:00:00,210-1038762,210-1022466,990423,522.00,N/A,GABBY,2.000000, ,2023-01-24 00:00:00
2023,1,210,SCC,MWT, ,1190731,U.S. BUSINESS,2023-01-12 00:00:00,210-1003218,210-8003240,RMA:210-1002700,-1137.00,N/A,GABBY,-3.000000, ,2023-01-12 00:00:00
2023,1,210,SCC,MWT, ,1160847,WEST END INTERIORS,2023-01-13 00:00:00,210-1038471,210-1020636,SRALMC-0042,3946.35,N/A,SCC,10.000000, ,2022-08-31 00:00:00
2023,1,210,SCC,MWT, ,1160847,WEST END INTERIORS,2023-01-13 00:00:00,210-1038471,210-1020636,SRALMC-0042,61462.15,N/A,SCW,150.000000, ,2022-08-31 00:00:00
2023,1,210,SCC,MWT, ,1160847,WEST END INTERIORS,2023-01-26 00:00:00,210-1038736,210-1022392,HART-0016,1472.00,N/A,GABBY,2.000000, ,2023-01-17 00:00:00
2023,1,210,SCC,MWT,PBE,1254154,MARK KINGS FURNITURE,2023-01-19 00:00:00,210-1038571,210-1020321,TABLE TOPS-MARK,6000.00,N/A,SCC,12.000000, ,2022-08-10 00:00:00
2023,1,210,SCC,SK, ,1161888,OMNI BARTON CREEK RESORT & SPA,2023-01-17 00:00:00,210-1038525,210-1017039,1310108567,1560.00,N/A,SCW,4.000000, ,2021-11-29 00:00:00
2023,1,210,SCC,SK, ,1216041,OMNI HOTEL MANAGEMENT CORP.,2023-01-23 00:00:00,210-1038644,210-1019358,6655-002,12120.00,N/A,SCW,36.000000, ,2022-05-31 00:00:00
2023,1,210,SCC,SK, ,1161933,STUDIOSIX5,2023-01-26 00:00:00,210-1003235,210-8003264,RMA:210-1002630,-644.00,N/A,SCW,-1.000000, ,2023-01-26 00:00:00
2023,1,210,SCC,SK, ,1161933,STUDIOSIX5,2023-01-26 00:00:00,210-1003236,210-8003265,RMA:210-1002487,-568.00,N/A,SCW,-1.000000, ,2023-01-26 00:00:00
2023,1,210,SCC,SK, ,1161933,STUDIOSIX5,2023-01-26 00:00:00,210-1003237,210-8003266,RMA:210-1002574,-522.00,N/A,SCW,-1.000000, ,2023-01-26 00:00:00
2023,1,210,SCC,TMC, ,1244883,PBLH LLC,2023-01-24 00:00:00,210-1038669,210-1022233,RMA:210-1002742,2073.00,N/A,SCW,7.000000, ,2023-01-04 00:00:00
2023,1,210,SCC,TMC,JF,1161200,FURNITURE SOLUTIONS GROUP,2023-01-05 00:00:00,210-1038323,210-1020360,0470-094,3846.00,N/A,SCC,10.000000, ,2022-08-11 00:00:00
2023,1,210,SCC,TMC,JF,1161200,FURNITURE SOLUTIONS GROUP,2023-01-05 00:00:00,210-1038323,210-1020360,0470-094,15782.00,N/A,SCW,25.000000, ,2022-08-11 00:00:00
2023,1,210,SCC,WRI, ,1255929,BEST WESTERN-LAKE LUCILLE INN c/o DWELLINGS INC.,2023-01-27 00:00:00,210-1038765,210-1021135,7659,8875.00,N/A,SCW,20.000000, ,2022-10-04 00:00:00
2023,1,210,SCC,WRI, ,1255929,BEST WESTERN-LAKE LUCILLE INN c/o DWELLINGS INC.,2023-01-30 00:00:00,210-1038802,210-1021134,7646,17113.00,N/A,SCW,32.000000, ,2022-10-04 00:00:00
2023,1,210,SCC,WRI, ,1255929,BEST WESTERN-LAKE LUCILLE INN c/o DWELLINGS INC.,2023-01-30 00:00:00,210-1038802,210-1021134,7646,464.00,N/A,WJO,6.000000, ,2022-10-04 00:00:00
2023,1,210,SCC,WRI, ,1213572,DENISE GLENN INTERIOR DESIGN,2023-01-25 00:00:00,210-1038704,210-1021782,F10716,1832.00,N/A,SCW,4.000000, ,2022-11-21 00:00:00
2023,1,210,SCC,WRI, ,1249334,EVERYDAY LOVELY,2023-01-18 00:00:00,210-1038547,210-1022375,RMA:210-1002763,2374.00,N/A,GABBY,1.000000, ,2023-01-16 00:00:00
2023,1,210,SCC,WRI, ,1249334,EVERYDAY LOVELY,2023-01-19 00:00:00,210-1003225,210-8003246,RMA:210-1002763,-2374.00,N/A,GABBY,-1.000000, ,2023-01-16 00:00:00
2023,1,210,SCC,WRI, ,1251928,GDMB MEMBERS GOLF LLC,2023-01-20 00:00:00,210-1038606,210-1019077,GRDM-038,938.00,N/A,SCW,2.000000, ,2022-05-10 00:00:00
2023,1,210,SCC,WRI, ,1217482,KATIE BOWE DESIGN,2023-01-23 00:00:00,210-1003229,210-8003250,RMA:210-1002420,-380.00,N/A,GABBY,-1.000000, ,2023-01-23 00:00:00
2023,1,210,SCC,WRI, ,1195430,LBA FF&E PROCUREMENT SERVICES LLC,2023-01-30 00:00:00,210-1038818,210-1018968,2020-0510-0068,655.00,N/A,SCW,1.000000, ,2022-05-03 00:00:00
2023,1,210,SCC,WRI, ,1195430,LBA FF&E PROCUREMENT SERVICES LLC,2023-01-31 00:00:00,210-1038848,210-1022486,RMA:210-1002775,2134.00,N/A,GABBY,1.000000, ,2023-01-25 00:00:00
2023,1,210,SCC,WRI, ,1160463,LIZABETH JONES INTERIOR DESIGN,2023-01-30 00:00:00,210-1003246,210-8003261,RMA:210-1002642,-640.00,N/A,SCC,-2.000000, ,2023-01-26 00:00:00
2023,1,210,SCC,WRI, ,1255218,MENDIL + MEYER,2023-01-04 00:00:00,210-1038292,210-1020746,32727-090822-1152,147.00,N/A,WJO,2.000000, ,2022-09-08 00:00:00
2023,1,210,SCC,WRI, ,1160198,STUDIO V INTERIOR DESIGN,2023-01-19 00:00:00,210-1038579,210-1021549,13010,1228.00,N/A,RETAIL,4.000000, ,2022-11-02 00:00:00
2023,1,210,SCC,WRI, ,1160198,STUDIO V INTERIOR DESIGN,2023-01-19 00:00:00,210-1038579,210-1021549,13010,24968.00,N/A,SCW,62.000000, ,2022-11-02 00:00:00
2023,1,210,SCC,WRI, ,1247832,SUN LIGHTING PHOENIX LLC,2023-01-03 00:00:00,210-1038273,210-1021941,71097,654.00,N/A,GABBY,2.000000, ,2022-12-09 00:00:00
2023,1,210,SCC,WRI, ,1249989,THE STYLE SOURCE,2023-01-11 00:00:00,210-1038437,210-1019221,3275,15632.00,N/A,SCW,40.000000, ,2022-05-20 00:00:00
2023,1,210,SCC,WRI, ,1249989,THE STYLE SOURCE,2023-01-17 00:00:00,210-1038529,210-1019221,3275,1528.00,N/A,SCW,4.000000, ,2022-05-20 00:00:00
2023,1,210,SCC,WRI, ,1212846,THOMA-HOLEC DESIGN,2023-01-05 00:00:00,210-1038325,210-1021254,50201-0194,8043.00,N/A,SCW,21.000000, ,2022-10-11 00:00:00
2023,1,210,SCC,WRI, ,1212846,THOMA-HOLEC DESIGN,2023-01-27 00:00:00,210-1038761,210-1022151,27202-0126,1455.00,N/A,GABBY,1.000000, ,2022-12-29 00:00:00
2023,1,210,SCC,WRI, ,1212846,THOMA-HOLEC DESIGN,2023-01-30 00:00:00,210-1038814,210-1021032,16603-0208,27800.00,N/A,SCW,46.000000, ,2022-09-28 00:00:00
2023,1,210,SCC,WRI, ,1212846,THOMA-HOLEC DESIGN,2023-01-31 00:00:00,210-1038847,210-1021978,16606-0230,88060.00,N/A,SCW,244.000000, ,2022-12-13 00:00:00
2023,1,210,SCC,WRI, ,1200138,WALL RESOURCES,2023-01-30 00:00:00,210-1038821,210-1022413,NEOCANT 2023,468.00,N/A,SCW,1.000000, ,2023-01-19 00:00:00
2023,1,210,SCC,WRI, ,1200138,WALL RESOURCES,2023-01-30 00:00:00,210-1038821,210-1022413,NEOCANT 2023,453.00,N/A,WJO,1.000000, ,2023-01-19 00:00:00
2023,1,210,SCC,WRI,HW,1160429,BRAY WHALER,2023-01-31 00:00:00,210-1038844,210-1021746,PALMP-058,2388.00,N/A,SCW,8.000000, ,2022-11-17 00:00:00
2023,1,210,SCC,WRI,MWT,1199955,FURNITURE SOLUTIONS GROUP,2023-01-13 00:00:00,210-1038491,210-1022032,0584-0009,4972.00,N/A,SCW,14.000000, ,2022-12-16 00:00:00
2023,1,210,SCC,WW, ,1161712,J. BANKS DESIGN GROUP INC,2023-01-06 00:00:00,210-1038341,210-1021656,133504,1195.00,N/A,GABBY,1.000000, ,2022-11-10 00:00:00
2023,1,210,SCC,WW, ,1161712,J. BANKS DESIGN GROUP INC,2023-01-06 00:00:00,210-1038351,210-1022221,134566,567.00,N/A,GABBY,1.000000, ,2023-01-04 00:00:00
2023,1,210,SCC,WW, ,1161712,J. BANKS DESIGN GROUP INC,2023-01-20 00:00:00,210-1038602,210-1021586,133290,2060.00,N/A,GABBY,2.000000, ,2022-11-04 00:00:00
2023,1,210,SCC,WW, ,1161712,J. BANKS DESIGN GROUP INC,2023-01-23 00:00:00,210-1038630,210-1021768,133730,2176.00,N/A,GABBY,1.000000, ,2022-11-18 00:00:00
2023,1,210,SCC,WW, ,1161712,J. BANKS DESIGN GROUP INC,2023-01-24 00:00:00,210-1038668,210-1020115,131323,3296.00,N/A,SCW,8.000000, ,2022-07-27 00:00:00
2023,1,210,SCC,WW, ,1161712,J. BANKS DESIGN GROUP INC,2023-01-27 00:00:00,210-1038758,210-1021407,133164-B,1632.00,N/A,GABBY,4.000000, ,2022-10-21 00:00:00
2023,1,210,SCC,WW, ,1161712,J. BANKS DESIGN GROUP INC,2023-01-27 00:00:00,210-1038759,210-1022507,135004,540.00,N/A,WJO,1.000000, ,2023-01-26 00:00:00
2023,1,210,SCC,WW, ,1161712,J. BANKS DESIGN GROUP INC,2023-01-30 00:00:00,210-1038829,210-1022122,134363,4185.00,N/A,SCW,11.000000, ,2022-12-27 00:00:00
