TRNYEAR,TRNMONTH,TRNDAY,CNT
2022,9,27,477
2022,9,26,581
2022,9,25,141
2022,9,24,17
2022,9,23,623
2022,9,22,588
2022,9,21,662
2022,9,20,650
2022,9,19,772
2022,9,18,92
2022,9,17,107
2022,9,16,607
2022,9,15,570
2022,9,14,690
2022,9,13,593
2022,9,12,610
2022,9,11,83
2022,9,10,153
2022,9,9,536
2022,9,8,727
2022,9,7,710
2022,9,6,554
2022,9,5,276
2022,9,4,121
2022,9,3,208
2022,9,2,408
2022,9,1,581
2022,8,31,734
2022,8,30,825
2022,8,29,762
2022,8,28,104
2022,8,27,178
2022,8,26,703
2022,8,25,710
2022,8,24,636
2022,8,23,740
2022,8,22,669
2022,8,21,107
2022,8,20,165
2022,8,19,681
2022,8,18,674
2022,8,17,562
2022,8,16,671
2022,8,15,619
2022,8,14,90
2022,8,13,189
2022,8,12,557
2022,8,11,642
2022,8,10,649
2022,8,9,668
2022,8,8,487
2022,8,7,60
2022,8,6,106
2022,8,5,594
2022,8,4,463
2022,8,3,461
2022,8,2,417
2022,8,1,437
2022,7,31,82
2022,7,30,352
2022,7,29,739
2022,7,28,654
2022,7,27,617
2022,7,26,513
2022,7,25,707
2022,7,24,66
2022,7,23,131
2022,7,22,593
2022,7,21,505
2022,7,20,699
2022,7,19,524
2022,7,18,585
2022,7,17,49
2022,7,16,96
2022,7,15,597
2022,7,14,480
2022,7,13,537
2022,7,12,619
2022,7,11,536
2022,7,10,82
2022,7,9,188
2022,7,8,709
2022,7,7,880
2022,7,6,598
2022,7,5,456
2022,7,4,2
2022,7,3,84
2022,7,2,119
2022,7,1,448
2022,6,30,700
2022,6,28,670
2022,6,27,653
2022,6,26,101
2022,6,25,140
2022,6,24,658
2022,6,23,658
2022,6,22,691
2022,6,21,559
2022,6,20,804
2022,6,19,31
2022,6,18,135
2022,6,17,683
2022,6,16,718
2022,6,15,861
2022,6,14,713
2022,6,13,686
2022,6,12,46
2022,6,11,151
2022,6,10,588
2022,6,9,732
2022,6,4,137
2022,5,12,774
2022,5,10,650
2022,2,20,113
2022,2,19,297
2022,2,18,536
2022,2,17,536
2022,2,16,583
2022,2,15,467
2022,2,14,560
2022,2,13,56
2022,2,12,255
2022,2,11,584
2022,2,10,537
2022,2,9,569
2022,2,8,450
2022,2,7,569
2022,2,6,41
2022,2,5,145
2022,2,4,464
2022,2,3,542
2022,2,2,678
2022,2,1,474
2022,1,31,714
2022,1,30,92
2022,1,29,105
2022,1,28,677
2022,1,27,656
2022,1,26,592
2022,1,25,569
2022,1,24,612
2022,1,23,34
2022,1,22,58
2022,1,21,502
2022,1,20,463
2022,1,19,481
2022,1,18,437
2022,1,17,497
2022,1,16,41
2022,1,15,110
2022,1,14,482
2022,1,13,450
2022,1,12,552
2022,1,11,568
2022,1,10,316
2022,1,9,53
2022,1,8,143
2022,1,7,583
2022,1,6,517
2022,1,5,405
2022,1,4,558
2022,1,3,97
2022,1,2,111
2022,1,1,1
2021,12,31,420
2021,12,30,491
2021,12,29,579
2021,12,28,436
2021,12,27,476
2021,12,26,85
2021,12,25,1
2021,12,23,157
2021,12,22,596
2021,12,21,691
2021,12,20,467
2021,12,19,79
2021,12,18,174
2021,12,17,484
2021,12,16,555
2021,12,15,552
2021,12,14,597
2021,12,13,597
2021,12,12,142
2021,12,11,127
2021,12,10,547
2021,12,9,565
2021,12,8,647
2021,12,7,658
2021,12,6,586
2021,12,5,104
2021,12,4,137
2021,12,3,239
2021,12,2,488
2021,12,1,486
2021,11,30,667
2021,11,29,668
2021,11,28,115
2021,11,27,194
2021,11,26,302
2021,11,24,526
2021,11,23,653
2021,11,22,675
2021,11,21,93
2021,11,20,123
2021,11,19,230
2021,11,18,214
2021,11,17,596
2021,11,16,716
2021,11,15,585
2021,11,14,107
2021,11,13,205
2021,11,12,511
2021,11,11,707
2021,11,10,520
2021,11,9,602
2021,11,8,523
2021,11,7,49
2021,11,6,120
2021,11,5,558
2021,11,4,378
2021,11,3,465
2021,11,2,499
2021,11,1,513
2021,10,31,75
2021,10,30,321
2021,10,29,496
2021,10,28,415
2021,10,27,409
2021,10,26,483
2021,10,25,411
2021,10,24,63
2021,10,23,115
2021,10,22,453
2021,10,21,538
2021,10,20,460
2021,10,19,573
2021,10,18,448
2021,10,17,68
2021,10,16,95
2021,10,15,494
2021,10,14,633
2021,10,13,383
2021,10,12,487
2021,10,11,525
2021,10,10,33
2021,10,9,100
2021,10,8,435
2021,10,7,434
2021,10,6,515
2021,10,5,501
2021,10,4,488
2021,10,3,47
2021,10,2,109
2021,10,1,496
2021,9,30,490
2021,9,29,531
2021,9,28,611
2021,9,27,470
2021,9,26,71
2021,9,25,148
2021,9,24,454
2021,9,23,456
2021,9,22,452
2021,9,21,524
2021,9,20,484
2021,9,19,43
2021,9,18,114
2021,9,17,392
2021,9,16,486
2021,9,15,591
2021,9,14,670
2021,9,13,588
2021,9,12,117
2021,9,11,145
2021,9,10,549
2021,9,9,681
2021,9,8,576
2021,9,7,527
2021,9,6,205
2021,9,5,79
2021,9,4,199
2021,9,3,198
2021,9,2,481
2021,9,1,517
2021,8,31,766
2021,8,30,731
2021,8,29,52
2021,8,28,220
2021,8,27,565
2021,8,26,657
2021,8,25,761
2021,8,24,669
2021,8,23,755
2021,8,22,73
2021,8,21,205
2021,8,20,553
2021,8,19,575
2021,8,18,700
2021,8,17,455
2021,8,16,538
2021,8,15,119
2021,8,14,150
2021,8,13,622
2021,8,12,724
2021,8,11,589
2021,8,10,642
2021,8,9,741
2021,8,8,38
2021,8,7,120
2021,8,6,519
2021,8,5,488
2021,8,4,462
2021,8,3,528
2021,8,2,332
2021,8,1,43
2021,7,31,223
2021,7,30,649
2021,7,29,419
2021,7,28,554
2021,7,27,530
2021,7,26,536
2021,7,25,55
2021,7,24,119
2021,7,23,479
2021,7,22,470
2021,7,21,599
2021,7,20,551
2021,7,19,464
2021,7,18,57
2021,7,17,154
2021,7,16,518
2021,7,15,580
2021,7,14,465
2021,7,13,559
2021,7,12,549
2021,7,11,35
2021,7,10,97
2021,7,9,493
2021,7,8,647
2021,7,7,701
2021,7,6,609
2021,7,5,122
2021,7,4,7
2021,7,3,137
2021,7,2,480
2021,7,1,549
2021,6,31,3
2021,6,30,665
2021,6,29,704
2021,6,28,745
2021,6,27,90
2021,6,26,155
2021,6,25,642
2021,6,24,598
2021,6,23,572
2021,6,22,543
2021,6,21,542
2021,6,20,59
2021,6,19,106
2021,6,18,561
2021,6,17,597
2021,6,16,525
2021,6,15,740
2021,6,14,669
2021,6,13,62
2021,6,12,114
2021,6,11,546
2021,6,10,628
2021,6,9,661
2021,6,8,593
2021,6,7,636
2021,6,6,89
2021,6,5,161
2021,6,4,620
2021,6,3,527
2021,6,2,463
2021,6,1,393
2021,5,31,272
2021,5,30,135
2021,5,29,212
2021,5,28,711
2021,5,27,644
2021,5,26,601
2021,5,25,654
2021,5,24,661
2021,5,23,96
2021,5,22,176
2021,5,21,555
2021,5,20,663
2021,5,19,515
2021,5,18,689
2021,5,17,597
2021,5,16,117
2021,5,15,132
2021,5,14,393
2021,5,13,650
2021,5,12,403
2021,5,11,534
2021,5,10,625
2021,5,9,49
2021,5,8,171
2021,5,7,535
2021,5,6,589
2021,5,5,644
2021,5,4,435
2021,5,3,502
2021,5,2,69
2021,5,1,105
2021,4,31,3
2021,4,30,694
2021,4,29,676
2021,4,28,659
2021,4,27,857
2021,4,26,533
2021,4,25,43
2021,4,24,139
2021,4,23,590
2021,4,22,739
2021,4,21,516
2021,4,20,545
2021,4,19,494
2021,4,18,77
2021,4,17,143
2021,4,16,448
2021,4,15,455
2021,4,14,513
2021,4,13,490
2021,4,12,446
2021,4,11,55
2021,4,10,136
2021,4,9,481
2021,4,8,586
2021,4,7,579
2021,4,6,560
2021,4,5,509
2021,4,3,160
2021,4,2,329
2021,4,1,486
2021,3,31,581
2021,3,30,652
2021,3,29,522
2021,3,28,72
2021,3,27,135
2021,3,26,512
2021,3,25,287
2021,3,24,472
2021,3,23,556
2021,3,22,510
2021,3,21,277
2021,3,20,104
2021,3,19,407
2021,3,18,553
2021,3,17,310
2021,3,16,511
2021,3,15,353
2021,3,14,74
2021,3,13,127
2021,3,12,455
2021,3,11,510
2021,3,10,422
2021,3,9,622
2021,3,8,504
2021,3,7,80
2021,3,6,130
2021,3,5,487
2021,3,4,514
2021,3,3,433
2021,3,2,500
2021,3,1,301
2021,2,28,117
2021,2,27,110
2021,2,26,649
2021,2,25,497
2021,2,24,522
2021,2,23,449
2021,2,22,500
2021,2,21,106
2021,2,20,105
2021,2,19,405
2021,2,18,430
2021,2,17,409
2021,2,16,131
2021,2,15,392
2021,2,14,56
2021,2,13,156
2021,2,12,432
2021,2,11,588
2021,2,10,356
2021,2,9,393
2021,2,8,493
2021,2,7,34
2021,2,6,99
2021,2,5,411
2021,2,4,345
2021,2,3,363
2021,2,2,473
2021,2,1,267
2021,1,31,49
2021,1,30,198
2021,1,29,554
2021,1,28,311
2021,1,27,478
2021,1,26,404
2021,1,25,484
2021,1,24,32
2021,1,23,116
2021,1,22,465
2021,1,21,446
2021,1,20,440
2021,1,19,436
2021,1,18,363
2021,1,17,53
2021,1,16,138
2021,1,15,429
2021,1,14,602
2021,1,13,332
2021,1,12,378
2021,1,11,516
2021,1,10,94
2021,1,9,142
2021,1,8,373
2021,1,7,338
2021,1,6,380
2021,1,5,384
2021,1,4,414
2021,1,3,52
2021,1,2,133
2021,1,1,2
2020,12,31,398
2020,12,30,480
2020,12,29,430
2020,12,28,529
2020,12,27,57
2020,12,26,138
2020,12,23,483
2020,12,22,396
2020,12,21,584
2020,12,20,69
2020,12,19,130
2020,12,18,584
2020,12,17,481
2020,12,16,527
2020,12,15,457
2020,12,14,539
2020,12,13,118
2020,12,12,206
2020,12,11,445
2020,12,10,434
2020,12,9,460
2020,12,8,452
2020,12,7,462
2020,12,6,193
2020,12,5,198
2020,12,4,571
2020,12,3,367
2020,12,2,506
2020,12,1,487
2020,11,30,672
2020,11,29,116
2020,11,28,210
2020,11,27,249
2020,11,25,469
2020,11,24,574
2020,11,23,450
2020,11,22,65
2020,11,21,144
2020,11,20,194
2020,11,19,157
2020,11,18,346
2020,11,17,496
2020,11,16,374
2020,11,15,84
2020,11,14,165
2020,11,13,567
2020,11,12,468
2020,11,11,368
2020,11,10,485
2020,11,9,422
2020,11,8,82
2020,11,7,148
2020,11,6,555
2020,11,5,567
2020,11,4,415
2020,11,3,341
2020,11,2,324
2020,11,1,53
2020,10,31,153
2020,10,30,363
2020,10,29,460
2020,10,28,395
2020,10,27,593
2020,10,26,498
2020,10,25,85
2020,10,24,145
2020,10,23,476
2020,10,22,373
2020,10,21,423
2020,10,20,480
2020,10,19,480
2020,10,18,53
2020,10,17,150
2020,10,16,329
2020,10,15,431
2020,10,14,433
2020,10,13,397
2020,10,12,426
2020,10,11,37
2020,10,10,149
2020,10,9,450
2020,10,8,418
2020,10,7,408
2020,10,6,412
2020,10,5,427
2020,10,4,42
2020,10,3,150
2020,10,2,457
2020,10,1,326
2020,9,31,1
2020,9,30,767
2020,9,29,628
2020,9,28,448
2020,9,27,56
2020,9,26,401
2020,9,25,558
2020,9,24,590
2020,9,23,469
2020,9,22,500
2020,9,21,461
2020,9,20,71
2020,9,19,156
2020,9,18,505
2020,9,17,500
2020,9,16,414
2020,9,15,423
2020,9,14,613
2020,9,13,102
2020,9,12,196
2020,9,11,636
2020,9,10,484
2020,9,9,517
2020,9,8,470
2020,9,7,322
2020,9,6,131
2020,9,5,236
2020,9,4,524
2020,9,3,384
2020,9,2,463
2020,9,1,485
2020,8,31,744
2020,8,30,102
2020,8,29,206
2020,8,28,507
2020,8,27,557
2020,8,26,498
2020,8,25,510
2020,8,24,551
2020,8,23,140
2020,8,22,200
2020,8,21,497
2020,8,20,459
2020,8,19,539
2020,8,18,472
2020,8,17,470
2020,8,16,178
2020,8,15,259
2020,8,14,637
2020,8,13,643
2020,8,12,378
2020,8,11,371
2020,8,10,521
2020,8,9,71
2020,8,8,123
2020,8,7,407
2020,8,6,404
2020,8,5,318
2020,8,4,410
2020,8,3,312
2020,8,2,61
2020,8,1,136
2020,7,31,458
2020,7,30,520
2020,7,29,433
2020,7,28,495
2020,7,27,354
2020,7,26,67
2020,7,25,159
2020,7,24,566
2020,7,23,458
2020,7,22,407
2020,7,21,537
2020,7,20,453
2020,7,19,114
2020,7,18,144
2020,7,17,570
2020,7,16,568
2020,7,15,503
2020,7,14,518
2020,7,13,369
2020,7,12,74
2020,7,11,130
2020,7,10,517
2020,7,9,512
2020,7,8,492
2020,7,7,379
2020,7,6,487
2020,7,5,82
2020,7,4,87
2020,7,3,181
2020,7,2,460
2020,7,1,265
2020,6,30,670
2020,6,29,552
2020,6,28,60
2020,6,27,184
2020,6,26,636
2020,6,25,669
2020,6,24,495
2020,6,23,422
2020,6,22,641
2020,6,21,56
2020,6,20,179
2020,6,19,588
2020,6,18,480
2020,6,17,370
2020,6,16,530
2020,6,15,504
2020,6,14,105
2020,6,13,246
2020,6,12,665
2020,6,11,610
2020,6,10,416
2020,6,9,426
2020,6,8,386
2020,6,7,62
2020,6,6,135
2020,6,5,530
2020,6,4,490
2020,6,3,402
2020,6,2,463
2020,6,1,253
2020,5,31,125
2020,5,30,221
2020,5,29,501
2020,5,28,659
2020,5,27,433
2020,5,26,466
2020,5,25,218
2020,5,24,127
2020,5,23,251
2020,5,22,620
2020,5,21,486
2020,5,20,406
2020,5,19,446
2020,5,18,423
2020,5,17,84
2020,5,16,178
2020,5,15,473
2020,5,14,494
2020,5,13,464
2020,5,12,424
2020,5,11,494
2020,5,10,65
2020,5,9,192
2020,5,8,497
2020,5,7,563
2020,5,6,475
2020,5,5,230
2020,5,4,470
2020,5,3,29
2020,5,2,115
2020,5,1,286
2020,4,30,559
2020,4,29,315
2020,4,28,268
2020,4,27,330
2020,4,26,45
2020,4,25,80
2020,4,24,265
2020,4,23,343
2020,4,22,340
2020,4,21,283
2020,4,20,335
2020,4,19,5
2020,4,18,17
2020,4,17,269
2020,4,16,244
2020,4,15,226
2020,4,14,230
2020,4,13,265
2020,4,11,34
2020,4,10,242
2020,4,9,255
2020,4,8,186
2020,4,7,229
2020,4,6,231
2020,4,5,8
2020,4,4,16
2020,4,3,273
2020,4,2,158
2020,4,1,209
2020,3,31,262
2020,3,30,184
2020,3,29,53
2020,3,28,9
2020,3,27,264
2020,3,26,230
2020,3,25,155
2020,3,24,254
2020,3,23,294
2020,3,22,15
2020,3,21,30
2020,3,20,377
2020,3,19,307
2020,3,18,370
2020,3,17,348
2020,3,16,306
2020,3,15,49
2020,3,14,61
2020,3,13,366
2020,3,12,443
2020,3,11,373
2020,3,10,320
2020,3,9,403
2020,3,8,58
2020,3,7,105
2020,3,6,366
2020,3,5,259
2020,3,4,308
2020,3,3,324
2020,3,2,233
2020,3,1,64
2020,2,29,132
2020,2,28,359
2020,2,27,342
2020,2,26,311
2020,2,25,276
2020,2,24,290
2020,2,23,90
2020,2,22,121
2020,2,21,309
2020,2,20,317
2020,2,19,384
2020,2,18,335
2020,2,17,452
2020,2,16,119
2020,2,15,153
2020,2,14,364
2020,2,13,455
2020,2,12,361
2020,2,11,316
2020,2,10,279
2020,2,9,29
2020,2,8,71
2020,2,7,355
2020,2,6,382
2020,2,5,344
2020,2,4,292
2020,2,3,317
2020,2,2,22
2020,2,1,93
2020,1,31,410
2020,1,30,313
2020,1,29,341
2020,1,28,364
2020,1,27,393
2020,1,26,42
2020,1,25,99
2020,1,24,311
2020,1,23,345
2020,1,22,363
2020,1,21,295
2020,1,20,309
2020,1,19,33
2020,1,18,56
2020,1,17,281
2020,1,16,358
2020,1,15,251
2020,1,14,302
2020,1,13,292
2020,1,12,33
2020,1,11,94
2020,1,10,293
2020,1,9,307
2020,1,8,299
2020,1,7,291
2020,1,6,276
2020,1,5,81
2020,1,4,161
2020,1,3,301
2020,1,2,238
2019,12,31,321
2019,12,30,378
2019,12,29,50
2019,12,28,139
2019,12,27,301
2019,12,26,411
2019,12,24,36
2019,12,23,282
2019,12,22,59
2019,12,21,127
2019,12,20,432
2019,12,19,319
2019,12,18,174
2019,12,17,358
2019,12,16,267
2019,12,15,50
2019,12,14,136
2019,12,13,355
2019,12,12,462
2019,12,11,336
2019,12,10,412
2019,12,9,492
2019,12,8,150
2019,12,7,109
2019,12,6,412
2019,12,5,367
2019,12,4,458
2019,12,3,355
2019,12,2,303
2019,12,1,62
2019,11,30,150
2019,11,29,181
2019,11,27,457
2019,11,26,523
2019,11,25,377
2019,11,24,135
2019,11,23,183
2019,11,22,516
2019,11,21,450
2019,11,20,421
2019,11,19,440
2019,11,18,422
2019,11,17,58
2019,11,16,130
2019,11,15,131
2019,11,14,115
2019,11,13,288
2019,11,12,291
2019,11,11,439
2019,11,10,61
2019,11,9,152
2019,11,8,387
2019,11,7,404
2019,11,6,427
2019,11,5,484
2019,11,4,377
2019,11,3,65
2019,11,2,133
2019,11,1,275
2019,10,31,430
2019,10,30,364
2019,10,29,366
2019,10,28,379
2019,10,27,40
2019,10,26,84
2019,10,25,442
2019,10,24,390
2019,10,23,402
2019,10,22,338
2019,10,21,423
2019,10,20,28
2019,10,19,89
2019,10,18,374
2019,10,17,351
2019,10,16,297
2019,10,15,323
2019,10,14,463
2019,10,13,44
2019,10,12,113
2019,10,11,353
2019,10,10,332
2019,10,9,364
2019,10,8,311
2019,10,7,319
2019,10,6,32
2019,10,5,101
2019,10,4,362
2019,10,3,395
2019,10,2,322
2019,10,1,307
2019,9,30,453
2019,9,29,64
2019,9,28,122
2019,9,27,385
2019,9,26,434
2019,9,25,404
2019,9,24,400
2019,9,23,406
2019,9,22,58
2019,9,21,120
2019,9,20,298
2019,9,19,430
2019,9,18,283
2019,9,17,306
2019,9,16,351
2019,9,15,61
2019,9,14,115
2019,9,13,444
2019,9,12,371
2019,9,11,424
2019,9,10,351
2019,9,9,585
2019,9,8,94
2019,9,7,168
2019,9,6,358
2019,9,5,458
2019,9,4,480
2019,9,3,292
2019,9,2,158
2019,9,1,79
2019,8,31,164
2019,8,30,405
2019,8,29,531
2019,8,28,399
2019,8,27,365
2019,8,26,396
2019,8,25,54
2019,8,24,118
2019,8,23,421
2019,8,22,333
2019,8,21,424
2019,8,20,354
2019,8,19,327
2019,8,18,112
2019,8,17,160
2019,8,16,375
2019,8,15,491
2019,8,14,343
2019,8,13,389
2019,8,12,371
2019,8,11,36
2019,8,10,110
2019,8,9,425
2019,8,8,358
2019,8,7,471
2019,8,6,425
2019,8,5,351
2019,8,4,44
2019,8,3,100
2019,8,2,356
2019,8,1,321
2019,7,31,555
2019,7,30,322
2019,7,29,323
2019,7,28,66
2019,7,27,117
2019,7,26,485
2019,7,25,439
2019,7,24,393
2019,7,23,420
2019,7,22,474
2019,7,21,49
2019,7,20,88
2019,7,19,412
2019,7,18,437
2019,7,17,304
2019,7,16,240
2019,7,15,463
2019,7,14,38
2019,7,13,140
2019,7,12,361
2019,7,11,468
2019,7,10,338
2019,7,9,367
2019,7,8,348
2019,7,7,40
2019,7,6,188
2019,7,5,306
2019,7,3,386
2019,7,2,303
2019,7,1,431
2019,6,30,143
2019,6,29,186
2019,6,28,449
2019,6,27,465
2019,6,26,421
2019,6,25,343
2019,6,24,459
2019,6,23,80
2019,6,22,169
2019,6,21,429
2019,6,20,387
2019,6,19,384
2019,6,18,488
2019,6,17,365
2019,6,16,30
2019,6,15,114
2019,6,14,456
2019,6,13,415
2019,6,12,385
2019,6,11,370
2019,6,10,338
2019,6,9,46
2019,6,8,104
2019,6,7,461
2019,6,6,402
2019,6,5,435
2019,6,4,426
2019,6,3,463
2019,6,2,95
2019,6,1,154
2019,5,31,764
2019,5,30,584
2019,5,29,478
2019,5,28,331
2019,5,27,159
2019,5,26,103
2019,5,25,134
2019,5,24,530
2019,5,23,430
2019,5,22,463
2019,5,21,456
2019,5,20,412
2019,5,19,80
2019,5,18,131
2019,5,17,379
2019,5,16,426
2019,5,15,418
2019,5,14,362
2019,5,13,429
2019,5,12,36
2019,5,11,123
2019,5,10,479
2019,5,9,451
2019,5,8,449
2019,5,7,344
2019,5,6,341
2019,5,5,61
2019,5,4,105
2019,5,3,399
2019,5,2,480
2019,5,1,220
2019,4,30,700
2019,4,29,513
2019,4,28,61
2019,4,27,134
2019,4,26,397
2019,4,25,511
2019,4,24,429
2019,4,23,385
2019,4,22,432
2019,4,20,145
2019,4,19,402
2019,4,18,526
2019,4,17,508
2019,4,16,437
2019,4,15,480
2019,4,14,60
2019,4,13,122
2019,4,12,337
2019,4,11,385
2019,4,10,431
2019,4,9,389
2019,4,8,290
2019,4,7,89
2019,4,6,118
2019,4,5,397
2019,4,4,356
2019,4,3,380
2019,4,2,280
2019,4,1,229
2019,3,31,83
2019,3,30,286
2019,3,29,425
2019,3,28,445
2019,3,27,405
2019,3,26,361
2019,3,25,277
2019,3,24,53
2019,3,23,185
2019,3,22,361
2019,3,21,346
2019,3,20,409
2019,3,19,398
2019,3,18,301
2019,3,17,58
2019,3,16,72
2019,3,15,355
2019,3,14,307
2019,3,13,329
2019,3,12,372
2019,3,11,324
2019,3,10,56
2019,3,9,120
2019,3,8,378
2019,3,7,300
2019,3,6,322
2019,3,5,300
2019,3,4,293
2019,3,3,68
2019,3,2,55
2019,3,1,295
2019,2,28,300
2019,2,27,312
2019,2,26,295
2019,2,25,253
2019,2,24,33
2019,2,23,71
2019,2,22,263
2019,2,21,313
2019,2,20,283
2019,2,19,388
2019,2,18,313
2019,2,17,87
2019,2,16,181
2019,2,15,370
2019,2,14,452
2019,2,13,244
2019,2,12,317
2019,2,11,300
2019,2,10,25
2019,2,9,58
2019,2,8,321
2019,2,7,332
2019,2,6,353
2019,2,5,388
2019,2,4,303
2019,2,3,19
2019,2,2,57
2019,2,1,297
2019,1,31,308
2019,1,30,313
2019,1,29,375
2019,1,28,266
2019,1,27,131
2019,1,26,149
2019,1,25,493
2019,1,24,318
2019,1,23,380
2019,1,22,303
2019,1,21,209
2019,1,20,55
2019,1,19,105
2019,1,18,377
2019,1,17,241
2019,1,16,258
2019,1,15,374
2019,1,14,341
2019,1,13,86
2019,1,12,145
2019,1,11,373
2019,1,10,467
2019,1,9,463
2019,1,8,302
2019,1,7,240
2019,1,6,26
2019,1,5,96
2019,1,4,357
2019,1,3,287
2019,1,2,367
2018,12,31,236
2018,12,30,46
2018,12,29,89
2018,12,28,364
2018,12,27,322
2018,12,26,374
2018,12,24,21
2018,12,23,44
2018,12,22,97
2018,12,21,343
2018,12,20,339
2018,12,19,338
2018,12,18,423
2018,12,17,300
2018,12,16,65
2018,12,15,81
2018,12,14,163
2018,12,13,482
2018,12,12,329
2018,12,11,291
2018,12,10,373
2018,12,9,44
2018,12,8,115
2018,12,7,476
2018,12,6,516
2018,12,5,435
2018,12,4,406
2018,12,3,388
2018,12,2,71
2018,12,1,175
2018,11,30,529
2018,11,29,480
2018,11,28,492
2018,11,27,437
2018,11,26,370
2018,11,25,49
2018,11,24,84
2018,11,23,131
2018,11,21,360
2018,11,20,456
2018,11,19,393
2018,11,18,102
2018,11,17,208
2018,11,16,171
2018,11,15,249
2018,11,14,438
2018,11,13,331
2018,11,12,377
2018,11,11,60
2018,11,10,97
2018,11,9,504
2018,11,8,393
2018,11,7,396
2018,11,6,392
2018,11,5,365
2018,11,4,50
2018,11,3,119
2018,11,2,379
2018,11,1,189
2018,10,31,581
2018,10,30,373
2018,10,29,400
2018,10,28,35
2018,10,27,83
2018,10,26,499
2018,10,25,381
2018,10,24,376
2018,10,23,334
2018,10,22,308
2018,10,21,32
2018,10,20,89
2018,10,19,367
2018,10,18,423
2018,10,17,341
2018,10,16,404
2018,10,15,492
2018,10,14,36
2018,10,13,84
2018,10,12,430
2018,10,11,370
2018,10,10,406
2018,10,9,495
2018,10,8,276
2018,10,7,30
2018,10,6,79
2018,10,5,366
2018,10,4,347
2018,10,3,343
2018,10,2,412
2018,10,1,276
2018,9,30,46
2018,9,29,86
2018,9,28,730
2018,9,27,385
2018,9,26,481
2018,9,25,431
2018,9,24,416
2018,9,23,26
2018,9,22,109
2018,9,21,397
2018,9,20,478
2018,9,19,452
2018,9,18,353
2018,9,17,371
2018,9,16,59
2018,9,15,64
2018,9,14,362
2018,9,13,530
2018,9,12,363
2018,9,11,414
2018,9,10,438
2018,9,9,48
2018,9,8,162
2018,9,7,472
2018,9,6,421
2018,9,5,320
2018,9,4,307
2018,9,3,187
2018,9,2,104
2018,9,1,156
2018,8,31,575
2018,8,30,461
2018,8,29,421
2018,8,28,343
2018,8,27,480
2018,8,26,37
2018,8,25,117
2018,8,24,435
2018,8,23,418
2018,8,22,387
2018,8,21,416
2018,8,20,429
2018,8,19,127
2018,8,18,174
2018,8,17,535
2018,8,16,439
2018,8,15,409
2018,8,14,433
2018,8,13,358
2018,8,12,49
2018,8,11,123
2018,8,10,400
2018,8,9,447
2018,8,8,459
2018,8,7,466
2018,8,6,362
2018,8,5,31
2018,8,4,91
2018,8,3,479
2018,8,2,469
2018,8,1,362
2018,7,31,649
2018,7,30,393
2018,7,29,44
2018,7,28,127
2018,7,27,521
2018,7,26,491
2018,7,25,457
2018,7,24,447
2018,7,23,289
2018,7,22,18
2018,7,21,91
2018,7,20,487
2018,7,19,494
2018,7,18,413
2018,7,17,388
2018,7,16,413
2018,7,15,48
2018,7,14,92
2018,7,13,526
2018,7,12,430
2018,7,11,470
2018,7,10,465
2018,7,9,456
2018,7,8,49
2018,7,7,91
2018,7,6,506
2018,7,5,349
2018,7,3,524
2018,7,2,399
2018,7,1,59
2018,6,30,141
2018,6,29,798
2018,6,28,236
2018,6,27,395
2018,6,26,513
2018,6,25,418
2018,6,24,46
2018,6,23,114
2018,6,22,508
2018,6,21,527
2018,6,20,366
2018,6,19,439
2018,6,18,374
2018,6,17,42
2018,6,16,99
2018,6,15,615
2018,6,14,407
2018,6,13,531
2018,6,12,487
2018,6,11,399
2018,6,10,53
2018,6,9,117
2018,6,8,642
2018,6,7,427
2018,6,6,660
2018,6,5,490
2018,6,4,385
2018,6,3,45
2018,6,2,114
2018,6,1,426
2018,5,31,484
2018,5,30,469
2018,5,29,435
2018,5,28,125
2018,5,27,64
2018,5,26,163
2018,5,25,634
2018,5,24,532
2018,5,23,434
2018,5,22,440
2018,5,21,336
2018,5,20,75
2018,5,19,118
2018,5,18,425
2018,5,17,552
2018,5,16,478
2018,5,15,456
2018,5,14,566
2018,5,13,39
2018,5,12,131
2018,5,11,702
2018,5,10,533
2018,5,9,428
2018,5,8,366
2018,5,7,429
2018,5,6,50
2018,5,5,86
2018,5,4,389
2018,5,3,345
2018,5,2,341
2018,5,1,358
2018,4,30,581
2018,4,29,186
2018,4,28,110
2018,4,27,574
2018,4,26,488
2018,4,25,514
2018,4,24,795
2018,4,23,355
2018,4,22,52
2018,4,21,154
2018,4,20,837
2018,4,19,382
2018,4,18,402
2018,4,17,387
2018,4,16,212
2018,4,15,45
2018,4,14,93
2018,4,13,495
2018,4,12,289
2018,4,11,437
2018,4,10,359
2018,4,9,292
2018,4,8,44
2018,4,7,100
2018,4,6,296
2018,4,5,224
2018,4,4,330
2018,4,3,360
2018,4,2,291
2018,3,31,106
2018,3,30,410
2018,3,29,382
2018,3,28,444
2018,3,27,291
2018,3,26,391
2018,3,25,29
2018,3,24,113
2018,3,23,294
2018,3,22,460
2018,3,21,366
2018,3,20,297
2018,3,19,379
2018,3,18,39
2018,3,17,86
2018,3,16,386
2018,3,15,296
2018,3,14,460
2018,3,13,353
2018,3,12,416
2018,3,11,48
2018,3,10,95
2018,3,9,357
2018,3,8,264
2018,3,7,391
2018,3,6,419
2018,3,5,339
2018,3,4,68
2018,3,3,71
2018,3,2,405
2018,3,1,373
2018,2,28,583
2018,2,27,484
2018,2,26,514
2018,2,25,28
2018,2,24,84
2018,2,23,375
2018,2,22,342
2018,2,21,301
2018,2,20,436
2018,2,19,476
2018,2,18,62
2018,2,17,168
2018,2,16,442
2018,2,15,408
2018,2,14,240
2018,2,13,212
2018,2,12,275
2018,2,11,49
2018,2,10,37
2018,2,9,244
2018,2,8,229
2018,2,7,286
2018,2,6,279
2018,2,5,249
2018,2,4,15
2018,2,3,55
2018,2,2,310
2018,2,1,205
2018,1,31,460
2018,1,30,388
2018,1,29,332
2018,1,28,30
2018,1,27,148
2018,1,26,311
2018,1,25,382
2018,1,24,279
2018,1,23,392
2018,1,22,330
2018,1,21,18
2018,1,20,76
2018,1,19,411
2018,1,18,184
2018,1,17,114
2018,1,16,142
2018,1,15,190
2018,1,14,43
2018,1,13,77
2018,1,12,349
2018,1,11,274
2018,1,10,272
2018,1,9,266
2018,1,8,178
2018,1,7,45
2018,1,6,88
2018,1,5,255
2018,1,4,302
2018,1,3,253
2018,1,2,207
2017,12,30,72
2017,12,29,581
2017,12,28,255
2017,12,27,359
2017,12,26,81
2017,12,23,64
2017,12,22,455
2017,12,21,388
2017,12,20,292
2017,12,19,455
2017,12,18,279
2017,12,17,55
2017,12,16,113
2017,12,15,510
2017,12,14,347
2017,12,13,412
2017,12,12,387
2017,12,11,361
2017,12,10,51
2017,12,9,65
2017,12,8,67
2017,12,7,506
2017,12,6,294
2017,12,5,304
2017,12,4,504
2017,12,3,72
2017,12,2,123
2017,12,1,370
2017,11,30,463
2017,11,29,378
2017,11,28,364
2017,11,27,403
2017,11,26,45
2017,11,25,82
2017,11,24,124
2017,11,23,2
2017,11,22,439
2017,11,21,474
2017,11,20,437
2017,11,19,55
2017,11,18,214
2017,11,17,339
2017,11,16,446
2017,11,15,385
2017,11,14,332
2017,11,13,204
2017,11,12,89
2017,11,11,123
2017,11,10,303
2017,11,9,241
2017,11,8,223
2017,11,7,194
2017,11,6,83
2017,11,4,120
2017,11,3,225
2017,11,2,170
2017,11,1,99
2017,10,31,295
2017,10,30,303
2017,10,29,68
2017,10,28,53
2017,10,27,438
2017,10,26,427
2017,10,25,358
2017,10,24,330
2017,10,23,319
2017,10,22,21
2017,10,21,77
2017,10,20,359
2017,10,19,423
2017,10,18,325
2017,10,17,440
2017,10,16,360
2017,10,15,36
2017,10,14,68
2017,10,13,339
2017,10,12,269
2017,10,11,332
2017,10,10,303
2017,10,9,417
2017,10,8,24
2017,10,7,83
2017,10,6,425
2017,10,5,392
2017,10,4,412
2017,10,3,391
2017,10,2,264
2017,10,1,33
2017,9,30,122
2017,9,29,451
2017,9,28,484
2017,9,27,331
2017,9,26,365
2017,9,25,395
2017,9,24,31
2017,9,23,90
2017,9,22,471
2017,9,21,448
2017,9,20,286
2017,9,19,376
2017,9,18,381
2017,9,17,37
2017,9,16,76
2017,9,15,522
2017,9,14,426
2017,9,13,358
2017,9,12,405
2017,9,11,254
2017,9,10,43
2017,9,9,74
2017,9,8,425
2017,9,7,439
2017,9,6,308
2017,9,5,384
2017,9,4,128
2017,9,3,48
2017,9,2,109
2017,9,1,418
2017,8,31,549
2017,8,30,447
2017,8,29,245
2017,8,28,466
2017,8,27,131
2017,8,26,412
2017,8,25,442
2017,8,24,466
2017,8,23,420
2017,8,22,510
2017,8,21,599
2017,8,20,38
2017,8,19,46
2017,8,18,411
2017,8,17,426
2017,8,16,437
2017,8,15,317
2017,8,14,449
2017,8,13,31
2017,8,12,104
2017,8,11,387
2017,8,10,466
2017,8,9,420
2017,8,8,305
2017,8,7,363
2017,8,6,59
2017,8,5,93
2017,8,4,494
2017,8,3,504
2017,8,2,315
2017,8,1,302
2017,7,31,591
2017,7,30,44
2017,7,29,246
2017,7,28,299
2017,7,27,558
2017,7,26,364
2017,7,25,565
2017,7,24,535
2017,7,23,40
2017,7,22,81
2017,7,21,601
2017,7,20,500
2017,7,19,479
2017,7,18,357
2017,7,17,534
2017,7,16,47
2017,7,15,97
2017,7,14,502
2017,7,13,419
2017,7,12,541
2017,7,11,398
2017,7,10,368
2017,7,9,36
2017,7,8,91
2017,7,7,338
2017,7,6,421
2017,7,5,234
2017,7,3,162
2017,7,2,20
2017,7,1,101
2017,6,30,546
2017,6,29,390
2017,6,28,548
2017,6,27,431
2017,6,26,611
2017,6,25,24
2017,6,24,165
2017,6,23,481
2017,6,22,514
2017,6,21,539
2017,6,20,506
2017,6,19,260
2017,6,17,83
2017,6,16,381
2017,6,15,473
2017,6,14,339
2017,6,13,368
2017,6,12,443
2017,6,11,93
2017,6,10,199
2017,6,9,447
2017,6,8,450
2017,6,7,446
2017,6,6,255
2017,6,5,367
2017,6,4,46
2017,6,3,96
2017,6,2,407
2017,6,1,284
2017,5,31,570
2017,5,30,696
2017,5,29,174
2017,5,28,71
2017,5,27,154
2017,5,26,402
2017,5,25,510
2017,5,24,463
2017,5,23,352
2017,5,22,477
2017,5,21,67
2017,5,20,171
2017,5,19,480
2017,5,18,380
2017,5,17,454
2017,5,16,357
2017,5,15,379
2017,5,14,36
2017,5,13,149
2017,5,12,503
2017,5,11,408
2017,5,10,467
2017,5,9,347
2017,5,8,344
2017,5,7,37
2017,5,6,90
2017,5,5,494
2017,5,4,440
2017,5,3,317
2017,5,2,324
2017,5,1,249
2017,4,30,65
2017,4,29,179
2017,4,28,567
2017,4,27,421
2017,4,26,447
2017,4,25,433
2017,4,24,585
2017,4,23,79
2017,4,22,159
2017,4,21,449
2017,4,20,415
2017,4,19,424
2017,4,18,340
2017,4,17,500
2017,4,15,91
2017,4,14,392
2017,4,13,364
2017,4,12,309
2017,4,11,342
2017,4,10,444
2017,4,9,74
2017,4,8,63
2017,4,7,378
2017,4,6,306
2017,4,5,45
2017,4,4,361
2017,4,3,271
2017,4,2,35
2017,4,1,87
2017,3,31,520
2017,3,30,384
2017,3,29,464
2017,3,28,347
2017,3,27,295
2017,3,26,47
2017,3,25,132
2017,3,24,371
2017,3,23,330
2017,3,22,317
2017,3,21,324
2017,3,20,295
2017,3,19,19
2017,3,18,86
2017,3,17,468
2017,3,16,415
2017,3,15,348
2017,3,14,357
2017,3,13,370
2017,3,12,104
2017,3,11,146
2017,3,10,360
2017,3,9,371
2017,3,8,312
2017,3,7,382
2017,3,6,312
2017,3,5,36
2017,3,4,95
2017,3,3,388
2017,3,2,324
2017,3,1,250
2017,2,28,382
2017,2,27,403
2017,2,26,14
2017,2,25,85
2017,2,24,329
2017,2,23,310
2017,2,22,374
2017,2,21,420
2017,2,20,339
2017,2,19,95
2017,2,18,209
2017,2,17,367
2017,2,16,347
2017,2,15,367
2017,2,14,298
2017,2,13,294
2017,2,12,12
2017,2,11,61
2017,2,10,414
2017,2,9,242
2017,2,8,388
2017,2,7,172
2017,2,6,250
2017,2,5,6
2017,2,4,90
2017,2,3,363
2017,2,2,393
2017,2,1,270
2017,1,31,389
2017,1,30,290
2017,1,29,4
2017,1,28,61
2017,1,27,331
2017,1,26,310
2017,1,25,319
2017,1,24,314
2017,1,23,283
2017,1,22,2
2017,1,21,100
2017,1,20,374
2017,1,19,310
2017,1,18,351
2017,1,17,237
2017,1,16,290
2017,1,15,7
2017,1,14,58
2017,1,13,293
2017,1,12,272
2017,1,11,237
2017,1,10,286
2017,1,9,310
2017,1,8,3
2017,1,7,12
2017,1,6,166
2017,1,5,230
2017,1,4,224
2017,1,3,294
2017,1,2,54
2016,12,31,50
2016,12,30,339
2016,12,29,385
2016,12,28,364
2016,12,27,389
2016,12,26,146
2016,12,24,30
2016,12,23,116
2016,12,22,458
2016,12,21,400
2016,12,20,562
2016,12,19,425
2016,12,17,100
2016,12,16,339
2016,12,15,288
2016,12,14,407
2016,12,13,368
2016,12,12,302
2016,12,11,17
2016,12,10,99
2016,12,9,344
2016,12,8,454
2016,12,7,409
2016,12,6,280
2016,12,5,420
2016,12,3,141
2016,12,2,126
2016,12,1,101
2016,11,30,458
2016,11,29,397
2016,11,28,329
2016,11,26,129
2016,11,25,91
2016,11,23,297
2016,11,22,414
2016,11,21,391
2016,11,20,55
2016,11,19,249
2016,11,18,403
2016,11,17,436
2016,11,16,325
2016,11,15,348
2016,11,14,225
2016,11,12,100
2016,11,11,411
2016,11,10,311
2016,11,9,333
2016,11,8,236
2016,11,7,365
2016,11,5,70
2016,11,4,256
2016,11,3,285
2016,11,2,360
2016,11,1,255
2016,10,31,309
2016,10,29,75
2016,10,28,296
2016,10,27,361
2016,10,26,436
2016,10,25,347
2016,10,24,262
2016,10,22,74
2016,10,21,343
2016,10,20,393
2016,10,19,328
2016,10,18,311
2016,10,17,334
2016,10,15,64
2016,10,14,216
2016,10,13,395
2016,10,12,308
2016,10,11,311
2016,10,10,208
2016,10,8,46
2016,10,7,339
2016,10,6,280
2016,10,5,339
2016,10,4,252
2016,10,3,188
2016,10,1,65
2016,9,31,1
2016,9,30,445
2016,9,29,356
2016,9,28,306
2016,9,27,510
2016,9,26,351
2016,9,25,1
2016,9,24,82
2016,9,23,332
2016,9,22,390
2016,9,21,322
2016,9,20,419
2016,9,19,330
2016,9,18,1
2016,9,17,92
2016,9,16,279
2016,9,15,334
2016,9,14,336
2016,9,13,514
2016,9,12,337
2016,9,11,8
2016,9,10,90
2016,9,9,362
2016,9,8,402
2016,9,7,391
2016,9,6,229
2016,9,5,85
2016,9,4,12
2016,9,3,128
2016,9,2,292
2016,9,1,301
2016,8,31,574
2016,8,30,436
2016,8,29,474
2016,8,28,139
2016,8,27,139
2016,8,26,528
2016,8,25,576
2016,8,24,335
2016,8,23,423
2016,8,22,252
2016,8,20,58
2016,8,19,514
2016,8,18,454
2016,8,17,460
2016,8,16,346
2016,8,15,360
2016,8,13,118
2016,8,12,419
2016,8,11,344
2016,8,10,291
2016,8,9,424
2016,8,8,219
2016,8,7,1
2016,8,6,86
2016,8,5,279
2016,8,4,283
2016,8,3,312
2016,8,2,228
2016,8,1,276
2016,7,29,308
2016,7,28,491
2016,7,27,450
2016,7,26,343
2016,7,25,403
2016,7,24,1
2016,7,23,123
2016,7,22,384
2016,7,21,376
2016,7,20,325
2016,7,19,323
2016,7,18,486
2016,7,16,123
2016,7,15,436
2016,7,14,451
2016,7,13,450
2016,7,12,312
2016,7,11,545
2016,7,9,93
2016,7,8,509
2016,7,7,440
2016,7,6,300
2016,7,5,363
2016,7,2,122
2016,7,1,321
2016,6,31,1
2016,6,30,703
2016,6,29,523
2016,6,28,364
2016,6,27,576
2016,6,26,19
2016,6,25,137
2016,6,24,371
2016,6,23,382
2016,6,22,350
2016,6,21,547
2016,6,20,637
2016,6,19,5
2016,6,18,122
2016,6,17,378
2016,6,16,459
2016,6,15,411
2016,6,14,338
2016,6,13,387
2016,6,12,29
2016,6,11,135
2016,6,10,652
2016,6,9,368
2016,6,8,399
2016,6,7,393
2016,6,6,514
2016,6,5,2
2016,6,4,93
2016,6,3,404
2016,6,2,410
2016,6,1,290
2016,5,31,544
2016,5,30,270
2016,5,29,96
2016,5,28,168
2016,5,27,533
2016,5,26,362
2016,5,25,465
2016,5,24,396
2016,5,23,438
2016,5,22,45
2016,5,21,198
2016,5,20,479
2016,5,19,437
2016,5,18,435
2016,5,17,516
2016,5,16,431
2016,5,15,32
2016,5,14,97
2016,5,13,413
2016,5,12,336
2016,5,11,446
2016,5,10,381
2016,5,9,352
2016,5,7,106
2016,5,6,423
2016,5,5,457
2016,5,4,279
2016,5,3,407
2016,5,2,400
2016,5,1,30
2016,4,31,31
2016,4,30,154
2016,4,29,560
2016,4,28,450
2016,4,27,534
2016,4,26,383
2016,4,25,453
2016,4,24,42
2016,4,23,185
2016,4,22,302
2016,4,21,340
2016,4,20,392
2016,4,19,218
2016,4,18,359
2016,4,17,35
2016,4,16,102
2016,4,15,415
2016,4,14,333
2016,4,13,228
2016,4,12,311
2016,4,11,335
2016,4,10,99
2016,4,9,188
2016,4,8,325
2016,4,7,288
2016,4,6,358
2016,4,5,270
2016,4,4,404
2016,4,3,23
2016,4,2,89
2016,4,1,229
2016,3,31,486
2016,3,30,384
2016,3,29,312
2016,3,28,412
2016,3,27,14
2016,3,26,83
2016,3,25,331
2016,3,24,332
2016,3,23,313
2016,3,22,308
2016,3,21,240
2016,3,20,38
2016,3,19,99
2016,3,18,333
2016,3,17,308
2016,3,16,323
2016,3,15,231
2016,3,14,246
2016,3,13,33
2016,3,12,96
2016,3,11,386
2016,3,10,370
2016,3,9,355
2016,3,8,254
2016,3,7,418
2016,3,6,49
2016,3,5,131
2016,3,4,272
2016,3,3,306
2016,3,2,227
2016,3,1,245
2016,2,30,26
2016,2,29,320
2016,2,28,3
2016,2,27,103
2016,2,26,288
2016,2,25,303
2016,2,24,349
2016,2,23,262
2016,2,22,184
2016,2,21,51
2016,2,20,139
2016,2,19,314
2016,2,18,233
2016,2,17,218
2016,2,16,214
2016,2,15,190
2016,2,13,65
2016,2,12,272
2016,2,11,187
2016,2,10,265
2016,2,9,142
2016,2,8,309
2016,2,6,61
2016,2,5,291
2016,2,4,369
2016,2,3,168
2016,2,2,224
2016,2,1,132
2016,1,30,41
2016,1,29,421
2016,1,28,283
2016,1,27,164
2016,1,26,256
2016,1,25,309
2016,1,24,1
2016,1,23,22
2016,1,22,116
2016,1,21,383
2016,1,20,200
2016,1,19,255
2016,1,18,193
2016,1,17,5
2016,1,16,50
2016,1,15,169
2016,1,14,244
2016,1,13,237
2016,1,12,116
2016,1,11,206
2016,1,9,65
2016,1,8,209
2016,1,7,227
2016,1,6,195
2016,1,5,179
2016,1,4,201
2016,1,2,120
2016,1,1,3
2015,12,31,164
2015,12,30,392
2015,12,29,269
2015,12,28,281
2015,12,27,5
2015,12,26,260
2015,12,25,1
2015,12,24,40
2015,12,23,250
2015,12,22,380
2015,12,21,266
2015,12,19,222
2015,12,18,425
2015,12,17,425
2015,12,16,384
2015,12,15,380
2015,12,14,302
2015,12,13,14
2015,12,12,226
2015,12,11,425
2015,12,10,461
2015,12,9,436
2015,12,8,283
2015,12,7,400
2015,12,5,152
2015,12,4,89
2015,12,3,82
2015,12,2,284
2015,12,1,209
2015,11,31,15
2015,11,30,433
2015,11,29,3
2015,11,28,103
2015,11,27,138
2015,11,26,9
2015,11,25,278
2015,11,24,283
2015,11,23,311
2015,11,22,3
2015,11,21,79
2015,11,20,337
2015,11,19,292
2015,11,18,240
2015,11,17,296
2015,11,16,179
2015,11,14,96
2015,11,13,421
2015,11,12,191
2015,11,11,337
2015,11,10,339
2015,11,9,178
2015,11,7,85
2015,11,6,225
2015,11,5,324
2015,11,4,257
2015,11,3,168
2015,11,2,242
2015,11,1,60
2015,10,30,3
2015,10,29,266
2015,10,28,363
2015,10,27,306
2015,10,26,372
2015,10,24,70
2015,10,23,280
2015,10,22,232
2015,10,21,408
2015,10,20,287
2015,10,19,253
2015,10,17,44
2015,10,16,281
2015,10,15,261
2015,10,14,227
2015,10,13,225
2015,10,12,190
2015,10,10,71
2015,10,9,297
2015,10,8,210
2015,10,7,256
2015,10,6,257
2015,10,5,269
2015,10,3,27
2015,10,2,285
2015,10,1,173
2015,9,31,6
2015,9,30,506
2015,9,29,336
2015,9,28,464
2015,9,26,80
2015,9,25,245
2015,9,24,459
2015,9,23,431
2015,9,22,298
2015,9,21,166
2015,9,19,81
2015,9,18,174
2015,9,17,398
2015,9,16,255
2015,9,15,213
2015,9,14,298
2015,9,12,78
2015,9,11,360
2015,9,10,285
2015,9,9,359
2015,9,8,331
2015,9,7,101
2015,9,6,11
2015,9,5,107
2015,9,4,347
2015,9,3,240
2015,9,2,351
2015,9,1,281
2015,8,31,648
2015,8,30,61
2015,8,29,244
2015,8,28,660
2015,8,27,387
2015,8,26,407
2015,8,25,500
2015,8,24,379
2015,8,23,6
2015,8,22,77
2015,8,21,446
2015,8,20,446
2015,8,19,315
2015,8,18,345
2015,8,17,256
2015,8,16,1
2015,8,15,71
2015,8,14,470
2015,8,13,271
2015,8,12,370
2015,8,11,213
2015,8,10,227
2015,8,9,4
2015,8,8,76
2015,8,7,404
2015,8,6,394
2015,8,5,295
2015,8,4,397
2015,8,3,242
2015,8,2,2
2015,8,1,112
2015,7,31,363
2015,7,30,316
2015,7,29,408
2015,7,28,299
2015,7,27,289
2015,7,26,15
2015,7,25,59
2015,7,24,310
2015,7,23,319
2015,7,22,275
2015,7,21,348
2015,7,20,229
2015,7,19,3
2015,7,18,67
2015,7,17,240
2015,7,16,291
2015,7,15,346
2015,7,14,490
2015,7,13,206
2015,7,12,6
2015,7,11,90
2015,7,10,451
2015,7,9,302
2015,7,8,386
2015,7,7,301
2015,7,6,266
2015,7,5,6
2015,7,3,130
2015,7,2,509
2015,7,1,261
2015,6,30,533
2015,6,29,396
2015,6,28,27
2015,6,27,93
2015,6,26,401
2015,6,25,316
2015,6,24,576
2015,6,23,325
2015,6,22,365
2015,6,21,3
2015,6,20,70
2015,6,19,387
2015,6,18,332
2015,6,17,363
2015,6,16,443
2015,6,15,397
2015,6,14,22
2015,6,13,106
2015,6,12,423
2015,6,11,428
2015,6,10,279
2015,6,9,427
2015,6,8,336
2015,6,7,12
2015,6,6,117
2015,6,5,383
2015,6,4,378
2015,6,3,506
2015,6,2,283
2015,6,1,169
2015,5,31,66
2015,5,30,262
2015,5,29,692
2015,5,28,527
2015,5,27,530
2015,5,26,388
2015,5,25,132
2015,5,24,61
2015,5,23,106
2015,5,22,422
2015,5,21,491
2015,5,20,462
2015,5,19,446
2015,5,18,515
2015,5,17,31
2015,5,16,105
2015,5,15,407
2015,5,14,536
2015,5,13,370
2015,5,12,602
2015,5,11,365
2015,5,9,100
2015,5,8,335
2015,5,7,443
2015,5,6,413
2015,5,5,277
2015,5,4,433
2015,5,3,54
2015,5,2,76
2015,5,1,249
2015,4,31,6
2015,4,30,449
2015,4,29,360
2015,4,28,318
2015,4,27,337
2015,4,26,17
2015,4,25,60
2015,4,24,332
2015,4,23,406
2015,4,22,460
2015,4,21,325
2015,4,20,308
2015,4,19,35
2015,4,18,57
2015,4,17,339
2015,4,16,328
2015,4,15,332
2015,4,14,237
2015,4,13,385
2015,4,12,91
2015,4,11,160
2015,4,10,374
2015,4,9,319
2015,4,8,227
2015,4,7,353
2015,4,6,295
2015,4,4,87
2015,4,3,214
2015,4,2,241
2015,4,1,354
2015,3,31,386
2015,3,30,439
2015,3,29,31
2015,3,28,91
2015,3,27,326
2015,3,26,308
2015,3,25,328
2015,3,24,222
2015,3,23,248
2015,3,22,23
2015,3,21,46
2015,3,20,43
2015,3,19,271
2015,3,18,236
2015,3,17,304
2015,3,16,214
2015,3,15,18
2015,3,14,49
2015,3,13,281
2015,3,12,214
2015,3,11,230
2015,3,10,210
2015,3,9,255
2015,3,8,60
2015,3,7,116
2015,3,6,279
2015,3,5,137
2015,3,4,165
2015,3,3,164
2015,3,2,268
2015,3,1,6
2015,2,28,58
2015,2,27,474
2015,2,26,177
2015,2,25,128
2015,2,24,186
2015,2,23,117
2015,2,22,5
2015,2,21,58
2015,2,20,220
2015,2,19,248
2015,2,18,253
2015,2,17,223
2015,2,16,239
2015,2,15,1
2015,2,14,41
2015,2,13,261
2015,2,12,256
2015,2,11,213
2015,2,10,153
2015,2,9,246
2015,2,8,9
2015,2,7,61
2015,2,6,269
2015,2,5,227
2015,2,4,151
2015,2,3,232
2015,2,2,136
2015,2,1,6
2015,1,31,53
2015,1,30,343
2015,1,29,204
2015,1,28,289
2015,1,27,202
2015,1,26,323
2015,1,25,1
2015,1,24,33
2015,1,23,265
2015,1,22,239
2015,1,21,255
2015,1,20,243
2015,1,19,341
2015,1,18,4
2015,1,17,42
2015,1,16,211
2015,1,15,174
2015,1,14,193
2015,1,13,256
2015,1,12,207
2015,1,11,3
2015,1,10,39
2015,1,9,270
2015,1,8,203
2015,1,7,53
2015,1,6,39
2015,1,5,21
2015,1,4,8
2015,1,3,56
2015,1,2,12
2015,1,1,5
2014,12,31,182
2014,12,30,283
2014,12,29,226
2014,12,28,8
2014,12,27,113
2014,12,26,195
2014,12,24,18
2014,12,23,244
2014,12,22,326
2014,12,21,16
2014,12,20,196
2014,12,19,292
2014,12,18,232
2014,12,17,274
2014,12,16,275
2014,12,15,269
2014,12,14,17
2014,12,13,117
2014,12,12,251
2014,12,11,175
2014,12,10,221
2014,12,9,244
2014,12,8,168
2014,12,7,30
2014,12,6,147
2014,12,5,408
2014,12,4,217
2014,12,3,218
2014,12,2,283
2014,12,1,107
2014,11,31,3
2014,11,30,18
2014,11,29,77
2014,11,28,76
2014,11,26,123
2014,11,25,221
2014,11,24,235
2014,11,23,21
2014,11,22,88
2014,11,21,334
2014,11,20,442
2014,11,19,249
2014,11,18,207
2014,11,17,313
2014,11,16,21
2014,11,15,71
2014,11,14,234
2014,11,13,355
2014,11,12,451
2014,11,11,207
2014,11,10,225
2014,11,9,23
2014,11,8,119
2014,11,7,435
2014,11,6,256
2014,11,5,217
2014,11,4,212
2014,11,3,202
2014,11,2,9
2014,11,1,68
2014,10,31,224
2014,10,30,324
2014,10,29,237
2014,10,28,205
2014,10,27,230
2014,10,26,10
2014,10,25,36
2014,10,24,209
2014,10,23,179
2014,10,22,408
2014,10,21,101
2014,10,20,126
2014,10,19,10
2014,10,18,31
2014,10,17,286
2014,10,16,391
2014,10,15,242
2014,10,14,123
2014,10,13,130
2014,10,12,5
2014,10,11,33
2014,10,10,231
2014,10,9,234
2014,10,8,189
2014,10,7,149
2014,10,6,170
2014,10,5,4
2014,10,4,49
2014,10,3,310
2014,10,2,257
2014,10,1,180
2014,9,30,235
2014,9,29,177
2014,9,28,41
2014,9,27,64
2014,9,26,379
2014,9,25,267
2014,9,24,241
2014,9,23,220
2014,9,22,309
2014,9,21,18
2014,9,20,68
2014,9,19,257
2014,9,18,357
2014,9,17,173
2014,9,16,287
2014,9,15,167
2014,9,14,17
2014,9,13,80
2014,9,12,514
2014,9,11,354
2014,9,10,255
2014,9,9,224
2014,9,8,237
2014,9,7,12
2014,9,6,58
2014,9,5,214
2014,9,4,155
2014,9,3,309
2014,9,2,142
2014,9,1,75
2014,8,31,30
2014,8,30,102
2014,8,29,400
2014,8,28,500
2014,8,27,413
2014,8,26,354
2014,8,25,294
2014,8,24,12
2014,8,23,77
2014,8,22,320
2014,8,21,290
2014,8,20,354
2014,8,19,147
2014,8,18,284
2014,8,17,5
2014,8,16,87
2014,8,15,218
2014,8,14,328
2014,8,13,259
2014,8,12,373
2014,8,11,304
2014,8,10,10
2014,8,9,65
2014,8,8,460
2014,8,7,298
2014,8,6,351
2014,8,5,387
2014,8,4,192
2014,8,3,11
2014,8,2,72
2014,8,1,193
2014,7,31,311
2014,7,30,375
2014,7,29,318
2014,7,28,294
2014,7,27,11
2014,7,26,78
2014,7,25,345
2014,7,24,212
2014,7,23,315
2014,7,22,357
2014,7,21,207
2014,7,20,4
2014,7,19,101
2014,7,18,422
2014,7,17,389
2014,7,16,373
2014,7,15,355
2014,7,14,375
2014,7,13,8
2014,7,12,84
2014,7,11,456
2014,7,10,336
2014,7,9,428
2014,7,8,428
2014,7,7,338
2014,7,6,19
2014,7,5,79
2014,7,4,83
2014,7,3,215
2014,7,2,385
2014,7,1,324
2014,6,30,399
2014,6,29,28
2014,6,28,124
2014,6,27,661
2014,6,26,355
2014,6,25,250
2014,6,24,454
2014,6,23,402
2014,6,22,12
2014,6,21,108
2014,6,20,306
2014,6,19,275
2014,6,18,375
2014,6,17,446
2014,6,16,313
2014,6,15,18
2014,6,14,150
2014,6,13,459
2014,6,12,270
2014,6,11,471
2014,6,10,481
2014,6,9,415
2014,6,8,34
2014,6,7,111
2014,6,6,319
2014,6,5,408
2014,6,4,377
2014,6,3,299
2014,6,2,219
2014,6,1,53
2014,5,31,165
2014,5,30,469
2014,5,29,507
2014,5,28,248
2014,5,27,335
2014,5,26,102
2014,5,25,45
2014,5,24,134
2014,5,23,303
2014,5,22,489
2014,5,21,409
2014,5,20,303
2014,5,19,318
2014,5,18,34
2014,5,17,102
2014,5,16,428
2014,5,15,398
2014,5,14,404
2014,5,13,403
2014,5,12,382
2014,5,11,9
2014,5,10,78
2014,5,9,378
2014,5,8,275
2014,5,7,306
2014,5,6,468
2014,5,5,318
2014,5,4,36
2014,5,3,80
2014,5,2,273
2014,5,1,253
2014,4,31,3
2014,4,30,309
2014,4,29,212
2014,4,28,256
2014,4,27,24
2014,4,26,101
2014,4,25,448
2014,4,24,395
2014,4,23,362
2014,4,22,311
2014,4,21,509
2014,4,19,98
2014,4,18,356
2014,4,17,327
2014,4,16,310
2014,4,15,255
2014,4,14,447
2014,4,13,23
2014,4,12,101
2014,4,11,338
2014,4,10,252
2014,4,9,274
2014,4,8,258
2014,4,7,211
2014,4,6,24
2014,4,5,87
2014,4,4,246
2014,4,3,264
2014,4,2,243
2014,4,1,298
2014,3,31,395
2014,3,30,28
2014,3,29,102
2014,3,28,165
2014,3,27,191
2014,3,26,228
2014,3,25,307
2014,3,24,255
2014,3,23,36
2014,3,22,108
2014,3,21,262
2014,3,20,246
2014,3,19,180
2014,3,18,236
2014,3,17,207
2014,3,16,22
2014,3,15,85
2014,3,14,325
2014,3,13,252
2014,3,12,322
2014,3,11,231
2014,3,10,315
2014,3,9,55
2014,3,8,106
2014,3,7,212
2014,3,6,238
2014,3,5,236
2014,3,4,246
2014,3,3,205
2014,3,2,45
2014,3,1,112
2014,2,28,412
2014,2,27,236
2014,2,26,239
2014,2,25,208
2014,2,24,255
2014,2,23,8
2014,2,22,71
2014,2,21,312
2014,2,20,234
2014,2,19,378
2014,2,18,285
2014,2,17,296
2014,2,15,42
2014,2,14,187
2014,2,13,138
2014,2,12,91
2014,2,11,312
2014,2,10,318
2014,2,9,3
2014,2,8,38
2014,2,7,106
2014,2,6,244
2014,2,5,223
2014,2,4,164
2014,2,3,181
2014,2,2,2
2014,2,1,33
2014,1,31,328
2014,1,30,89
2014,1,29,6
2014,1,28,28
2014,1,27,254
2014,1,26,2
2014,1,25,25
2014,1,24,227
2014,1,23,183
2014,1,22,284
2014,1,21,284
2014,1,20,174
2014,1,19,1
2014,1,18,68
2014,1,17,230
2014,1,16,261
2014,1,15,376
2014,1,14,226
2014,1,13,168
2014,1,12,5
2014,1,11,75
2014,1,10,156
2014,1,9,274
2014,1,8,243
2014,1,7,210
2014,1,6,214
2014,1,5,7
2014,1,4,138
2014,1,3,98
2014,1,2,7
2014,1,1,9
2013,12,31,266
2013,12,30,214
2013,12,29,29
2013,12,28,130
2013,12,27,333
2013,12,26,409
2013,12,23,425
2013,12,22,18
2013,12,21,140
2013,12,20,223
2013,12,19,254
2013,12,18,429
2013,12,17,227
2013,12,16,270
2013,12,15,26
2013,12,14,95
2013,12,13,293
2013,12,12,361
2013,12,11,285
2013,12,10,297
2013,12,9,206
2013,12,8,3
2013,12,7,128
2013,12,6,349
2013,12,5,254
2013,12,4,290
2013,12,3,183
2013,12,2,285
2013,12,1,4
2013,11,31,3
2013,11,30,100
2013,11,29,91
2013,11,27,127
2013,11,26,248
2013,11,25,216
2013,11,24,15
2013,11,23,113
2013,11,22,327
2013,11,21,379
2013,11,20,194
2013,11,19,243
2013,11,18,270
2013,11,17,6
2013,11,16,86
2013,11,15,263
2013,11,14,295
2013,11,13,256
2013,11,12,292
2013,11,11,226
2013,11,10,6
2013,11,9,175
2013,11,8,496
2013,11,7,234
2013,11,6,286
2013,11,5,329
2013,11,4,281
2013,11,3,14
2013,11,2,98
2013,11,1,133
2013,10,31,253
2013,10,30,166
2013,10,29,265
2013,10,28,205
2013,10,27,1
2013,10,26,53
2013,10,25,269
2013,10,24,185
2013,10,23,259
2013,10,22,269
2013,10,21,286
2013,10,20,5
2013,10,19,87
2013,10,18,331
2013,10,17,215
2013,10,16,184
2013,10,15,300
2013,10,14,327
2013,10,13,14
2013,10,12,56
2013,10,11,154
2013,10,10,198
2013,10,9,275
2013,10,8,190
2013,10,7,135
2013,10,6,4
2013,10,5,91
2013,10,4,327
2013,10,3,205
2013,10,2,390
2013,10,1,263
2013,9,31,4
2013,9,30,416
2013,9,29,10
2013,9,28,111
2013,9,27,496
2013,9,26,237
2013,9,25,353
2013,9,24,312
2013,9,23,206
2013,9,22,9
2013,9,21,92
2013,9,20,209
2013,9,19,394
2013,9,18,274
2013,9,17,186
2013,9,16,261
2013,9,15,19
2013,9,14,109
2013,9,13,374
2013,9,12,248
2013,9,11,560
2013,9,10,286
2013,9,9,158
2013,9,8,9
2013,9,7,91
2013,9,6,291
2013,9,5,312
2013,9,4,275
2013,9,3,292
2013,9,2,55
2013,9,1,55
2013,8,31,117
2013,8,30,417
2013,8,29,530
2013,8,28,390
2013,8,27,373
2013,8,26,245
2013,8,25,21
2013,8,24,106
2013,8,23,444
2013,8,22,205
2013,8,21,361
2013,8,20,270
2013,8,19,244
2013,8,18,6
2013,8,17,98
2013,8,16,449
2013,8,15,171
2013,8,14,427
2013,8,13,361
2013,8,12,428
2013,8,11,2
2013,8,10,73
2013,8,9,518
2013,8,8,352
2013,8,7,278
2013,8,6,213
2013,8,5,253
2013,8,4,2
2013,8,3,124
2013,8,2,460
2013,8,1,281
2013,7,31,501
2013,7,30,377
2013,7,29,314
2013,7,28,21
2013,7,27,74
2013,7,26,480
2013,7,25,450
2013,7,24,360
2013,7,23,346
2013,7,22,425
2013,7,21,4
2013,7,20,88
2013,7,19,313
2013,7,18,272
2013,7,17,384
2013,7,16,319
2013,7,15,403
2013,7,14,2
2013,7,13,103
2013,7,12,436
2013,7,11,198
2013,7,10,280
2013,7,9,269
2013,7,8,414
2013,7,7,7
2013,7,6,69
2013,7,5,189
2013,7,3,395
2013,7,2,357
2013,7,1,235
2013,6,30,23
2013,6,29,140
2013,6,28,528
2013,6,27,322
2013,6,26,246
2013,6,25,408
2013,6,24,333
2013,6,23,8
2013,6,22,115
2013,6,21,353
2013,6,20,289
2013,6,19,332
2013,6,18,221
2013,6,17,249
2013,6,16,3
2013,6,15,107
2013,6,14,480
2013,6,13,322
2013,6,12,240
2013,6,11,415
2013,6,10,263
2013,6,9,26
2013,6,8,83
2013,6,7,230
2013,6,6,241
2013,6,5,326
2013,6,4,287
2013,6,3,139
2013,6,2,4
2013,6,1,114
2013,5,31,359
2013,5,30,261
2013,5,29,324
2013,5,28,368
2013,5,27,80
2013,5,26,42
2013,5,25,134
2013,5,24,416
2013,5,23,311
2013,5,22,287
2013,5,21,378
2013,5,20,236
2013,5,19,20
2013,5,18,105
2013,5,17,523
2013,5,16,197
2013,5,15,312
2013,5,14,252
2013,5,13,360
2013,5,11,98
2013,5,10,335
2013,5,9,218
2013,5,8,288
2013,5,7,291
2013,5,6,217
2013,5,5,18
2013,5,4,96
2013,5,3,324
2013,5,2,172
2013,5,1,186
2013,4,30,465
2013,4,29,280
2013,4,28,27
2013,4,27,92
2013,4,26,258
2013,4,25,219
2013,4,24,261
2013,4,23,239
2013,4,22,251
2013,4,21,28
2013,4,20,105
2013,4,19,246
2013,4,18,171
2013,4,17,132
2013,4,16,217
2013,4,15,154
2013,4,14,10
2013,4,13,78
2013,4,12,210
2013,4,11,159
2013,4,10,215
2013,4,9,192
2013,4,8,229
2013,4,7,41
2013,4,6,91
2013,4,5,212
2013,4,4,165
2013,4,3,207
2013,4,2,180
2013,4,1,217
2013,3,31,8
2013,3,30,94
2013,3,29,200
2013,3,28,195
2013,3,27,194
2013,3,26,296
2013,3,25,108
2013,3,24,23
2013,3,23,130
2013,3,22,185
2013,3,21,159
2013,3,20,112
2013,3,19,240
2013,3,18,244
2013,3,17,28
2013,3,16,117
2013,3,15,334
2013,3,14,132
2013,3,13,302
2013,3,12,258
2013,3,11,112
2013,3,10,22
2013,3,9,67
2013,3,8,268
2013,3,7,239
2013,3,6,100
2013,3,5,182
2013,3,4,236
2013,3,3,42
2013,3,2,83
2013,3,1,196
2013,2,31,6
2013,2,28,350
2013,2,27,135
2013,2,26,196
2013,2,25,196
2013,2,23,65
2013,2,22,322
2013,2,21,118
2013,2,20,256
2013,2,19,131
2013,2,18,117
2013,2,16,46
2013,2,15,234
2013,2,14,187
2013,2,13,77
2013,2,12,164
2013,2,11,128
2013,2,9,52
2013,2,8,196
2013,2,7,124
2013,2,6,160
2013,2,5,130
2013,2,4,166
2013,2,2,62
2013,2,1,89
2013,1,31,256
2013,1,30,155
2013,1,29,116
2013,1,28,136
2013,1,26,39
2013,1,25,134
2013,1,24,222
2013,1,23,150
2013,1,22,168
2013,1,21,113
2013,1,19,58
2013,1,18,92
2013,1,17,128
2013,1,16,117
2013,1,15,200
2013,1,14,169
2013,1,13,1
2013,1,12,79
2013,1,11,186
2013,1,10,121
2013,1,9,118
2013,1,8,94
2013,1,7,144
2013,1,5,106
2013,1,4,157
2013,1,3,67
2013,1,1,29
2012,12,31,133
2012,12,30,5
2012,12,29,168
2012,12,28,168
2012,12,27,342
2012,12,26,345
2012,12,24,40
2012,12,22,198
2012,12,21,252
2012,12,20,221
2012,12,19,290
2012,12,18,191
2012,12,17,256
2012,12,15,119
2012,12,14,228
2012,12,13,238
2012,12,12,224
2012,12,11,201
2012,12,10,126
2012,12,9,13
2012,12,8,151
2012,12,7,214
2012,12,6,201
2012,12,5,300
2012,12,4,217
2012,12,3,136
2012,12,2,45
2012,12,1,145
2012,11,31,1
2012,11,30,175
2012,11,29,223
2012,11,28,269
2012,11,27,180
2012,11,26,181
2012,11,25,1
2012,11,24,119
2012,11,23,89
2012,11,21,73
2012,11,20,190
2012,11,19,158
2012,11,18,1
2012,11,17,131
2012,11,16,230
2012,11,15,224
2012,11,14,191
2012,11,13,183
2012,11,12,283
2012,11,10,170
2012,11,9,230
2012,11,8,150
2012,11,7,134
2012,11,6,129
2012,11,5,180
2012,11,3,98
2012,11,2,210
2012,11,1,166
2012,10,31,170
2012,10,30,233
2012,10,29,170
2012,10,28,10
2012,10,27,58
2012,10,26,190
2012,10,25,208
2012,10,24,232
2012,10,23,119
2012,10,22,128
2012,10,20,75
2012,10,19,208
2012,10,18,193
2012,10,17,100
2012,10,16,125
2012,10,15,129
2012,10,13,56
2012,10,12,139
2012,10,11,135
2012,10,10,98
2012,10,9,161
2012,10,8,164
2012,10,6,53
2012,10,5,187
2012,10,4,126
2012,10,3,169
2012,10,2,181
2012,10,1,192
2012,9,30,1
2012,9,29,71
2012,9,28,193
2012,9,27,198
2012,9,26,254
2012,9,25,256
2012,9,24,226
2012,9,22,91
2012,9,21,310
2012,9,20,178
2012,9,19,184
2012,9,18,195
2012,9,17,207
2012,9,15,71
2012,9,14,187
2012,9,13,154
2012,9,12,211
2012,9,11,184
2012,9,10,175
2012,9,8,65
2012,9,7,204
2012,9,6,183
2012,9,5,156
2012,9,4,99
2012,9,3,104
2012,9,2,7
2012,9,1,126
2012,8,31,214
2012,8,30,254
2012,8,29,211
2012,8,28,153
2012,8,27,247
2012,8,26,27
2012,8,25,84
2012,8,24,191
2012,8,23,204
2012,8,22,202
2012,8,21,296
2012,8,20,391
2012,8,18,74
2012,8,17,182
2012,8,16,206
2012,8,15,179
2012,8,14,199
2012,8,13,201
2012,8,11,104
2012,8,10,183
2012,8,9,310
2012,8,8,237
2012,8,7,208
2012,8,6,119
2012,8,4,110
2012,8,3,238
2012,8,2,118
2012,8,1,140
2012,7,31,350
2012,7,30,170
2012,7,29,3
2012,7,28,88
2012,7,27,269
2012,7,26,298
2012,7,25,177
2012,7,24,245
2012,7,23,294
2012,7,21,79
2012,7,20,171
2012,7,19,283
2012,7,18,235
2012,7,17,220
2012,7,16,263
2012,7,14,92
2012,7,13,175
2012,7,12,239
2012,7,11,294
2012,7,10,196
2012,7,9,167
2012,7,7,79
2012,7,6,157
2012,7,5,186
2012,7,3,211
2012,7,2,261
2012,7,1,27
2012,6,30,132
2012,6,29,409
2012,6,28,250
2012,6,27,341
2012,6,26,330
2012,6,25,325
2012,6,23,90
2012,6,22,252
2012,6,21,180
2012,6,20,275
2012,6,19,237
2012,6,18,292
2012,6,17,5
2012,6,16,91
2012,6,15,231
2012,6,14,282
2012,6,13,229
2012,6,12,170
2012,6,11,287
2012,6,9,126
2012,6,8,256
2012,6,7,191
2012,6,6,293
2012,6,5,214
2012,6,4,274
2012,6,3,7
2012,6,2,133
2012,6,1,189
2012,5,31,368
2012,5,30,314
2012,5,29,278
2012,5,28,141
2012,5,27,42
2012,5,26,142
2012,5,25,274
2012,5,24,333
2012,5,23,241
2012,5,22,253
2012,5,21,296
2012,5,20,22
2012,5,19,78
2012,5,18,295
2012,5,17,271
2012,5,16,265
2012,5,15,193
2012,5,14,240
2012,5,12,128
2012,5,11,221
2012,5,10,241
2012,5,9,251
2012,5,8,325
2012,5,7,289
2012,5,6,34
2012,5,5,93
2012,5,4,285
2012,5,3,182
2012,5,2,194
2012,5,1,230
2012,4,30,302
2012,4,29,36
2012,4,28,67
2012,4,27,292
2012,4,26,226
2012,4,25,222
2012,4,24,174
2012,4,23,187
2012,4,22,29
2012,4,21,76
2012,4,20,158
2012,4,19,222
2012,4,18,211
2012,4,17,281
2012,4,16,243
2012,4,15,39
2012,4,14,109
2012,4,13,263
2012,4,12,228
2012,4,11,216
2012,4,10,174
2012,4,9,219
2012,4,7,71
2012,4,6,222
2012,4,5,180
2012,4,4,181
2012,4,3,219
2012,4,2,183
2012,4,1,54
2012,3,31,121
2012,3,30,271
2012,3,29,166
2012,3,28,119
2012,3,27,152
2012,3,26,267
2012,3,25,21
2012,3,24,60
2012,3,23,200
2012,3,22,143
2012,3,21,181
2012,3,20,185
2012,3,19,224
2012,3,18,30
2012,3,17,137
2012,3,16,227
2012,3,15,172
2012,3,14,258
2012,3,13,154
2012,3,12,192
2012,3,11,14
2012,3,10,55
2012,3,9,193
2012,3,8,153
2012,3,7,215
2012,3,6,124
2012,3,5,124
2012,3,4,16
2012,3,3,89
2012,3,2,96
2012,3,1,85
2012,2,29,167
2012,2,28,236
2012,2,27,141
2012,2,25,63
2012,2,24,200
2012,2,23,144
2012,2,22,117
2012,2,21,163
2012,2,20,108
2012,2,18,44
2012,2,17,100
2012,2,16,114
2012,2,15,75
2012,2,14,147
2012,2,13,145
2012,2,11,50
2012,2,10,112
2012,2,9,137
2012,2,8,105
2012,2,7,173
2012,2,6,257
2012,2,4,51
2012,2,3,99
2012,2,2,88
2012,2,1,139
2012,1,31,181
2012,1,30,148
2012,1,29,11
2012,1,28,50
2012,1,27,123
2012,1,26,94
2012,1,25,96
2012,1,24,103
2012,1,23,140
2012,1,21,37
2012,1,20,164
2012,1,19,68
2012,1,18,105
2012,1,17,120
2012,1,16,138
2012,1,15,1
2012,1,14,96
2012,1,13,169
2012,1,12,128
2012,1,11,146
2012,1,10,105
2012,1,9,169
2012,1,7,132
2012,1,6,149
2012,1,5,145
2012,1,4,71
2012,1,3,1
2012,1,2,2
2012,1,1,17
2011,12,31,169
2011,12,30,299
2011,12,29,297
2011,12,28,284
2011,12,27,279
2011,12,26,507
2011,12,23,217
2011,12,22,213
2011,12,21,186
2011,12,20,234
2011,12,19,206
2011,12,18,28
2011,12,17,183
2011,12,16,233
2011,12,15,184
2011,12,14,164
2011,12,13,149
2011,12,12,178
2011,12,11,51
2011,12,10,147
2011,12,9,211
2011,12,8,216
2011,12,7,211
2011,12,6,246
2011,12,5,210
2011,12,4,56
2011,12,3,157
2011,12,2,274
2011,12,1,169
2011,11,31,1
2011,11,30,294
2011,11,29,192
2011,11,28,177
2011,11,27,56
2011,11,26,119
2011,11,25,116
2011,11,23,97
2011,11,22,158
2011,11,21,174
2011,11,20,17
2011,11,19,96
2011,11,18,191
2011,11,17,186
2011,11,16,231
2011,11,15,165
2011,11,14,173
2011,11,13,7
2011,11,12,93
2011,11,11,126
2011,11,10,192
2011,11,9,118
2011,11,8,147
2011,11,7,174
2011,11,6,86
2011,11,5,190
2011,11,4,228
2011,11,3,141
2011,11,2,103
2011,11,1,148
2011,10,31,239
2011,10,30,21
2011,10,29,51
2011,10,28,199
2011,10,27,220
2011,10,26,121
2011,10,25,189
2011,10,24,187
2011,10,22,61
2011,10,21,189
2011,10,20,115
2011,10,19,115
2011,10,18,221
2011,10,17,140
2011,10,16,14
2011,10,15,54
2011,10,14,102
2011,10,13,222
2011,10,12,207
2011,10,11,156
2011,10,10,206
2011,10,8,49
2011,10,7,174
2011,10,6,162
2011,10,5,181
2011,10,4,195
2011,10,3,144
2011,10,2,3
2011,10,1,80
2011,9,31,1
2011,9,30,168
2011,9,29,195
2011,9,28,160
2011,9,27,193
2011,9,26,181
2011,9,24,69
2011,9,23,199
2011,9,22,229
2011,9,21,265
2011,9,20,210
2011,9,19,123
2011,9,18,2
2011,9,17,91
2011,9,16,247
2011,9,15,184
2011,9,14,197
2011,9,13,231
2011,9,12,167
2011,9,11,7
2011,9,10,82
2011,9,9,205
2011,9,8,275
2011,9,7,146
2011,9,6,155
2011,9,5,118
2011,9,4,38
2011,9,3,154
2011,9,2,214
2011,9,1,240
2011,8,31,251
2011,8,30,155
2011,8,29,172
2011,8,27,71
2011,8,26,254
2011,8,25,229
2011,8,24,233
2011,8,23,222
2011,8,22,195
2011,8,21,6
2011,8,20,66
2011,8,19,218
2011,8,18,243
2011,8,17,244
2011,8,16,156
2011,8,15,240
2011,8,14,9
2011,8,13,77
2011,8,12,212
2011,8,11,258
2011,8,10,169
2011,8,9,193
2011,8,8,199
2011,8,6,74
2011,8,5,233
2011,8,4,193
2011,8,3,198
2011,8,2,232
2011,8,1,184
2011,7,31,2
2011,7,30,151
2011,7,29,310
2011,7,28,300
2011,7,27,219
2011,7,26,306
2011,7,25,249
2011,7,24,1
2011,7,23,97
2011,7,22,256
2011,7,21,259
2011,7,20,247
2011,7,19,282
2011,7,18,197
2011,7,17,1
2011,7,16,83
2011,7,15,316
2011,7,14,261
2011,7,13,169
2011,7,12,227
2011,7,11,255
2011,7,10,5
2011,7,9,109
2011,7,8,290
2011,7,7,169
2011,7,6,283
2011,7,5,234
2011,7,4,28
2011,7,2,111
2011,7,1,216
2011,6,30,308
2011,6,29,393
2011,6,28,289
2011,6,27,247
2011,6,26,9
2011,6,25,140
2011,6,24,257
2011,6,23,251
2011,6,22,258
2011,6,21,294
2011,6,20,218
2011,6,19,19
2011,6,18,67
2011,6,17,289
2011,6,16,294
2011,6,15,252
2011,6,14,212
2011,6,13,248
2011,6,12,6
2011,6,11,70
2011,6,10,193
2011,6,9,221
2011,6,8,258
2011,6,7,234
2011,6,6,260
2011,6,5,23
2011,6,4,120
2011,6,3,292
2011,6,2,192
2011,6,1,229
2011,5,31,301
2011,5,30,160
2011,5,29,35
2011,5,28,120
2011,5,27,278
2011,5,26,240
2011,5,25,239
2011,5,24,183
2011,5,23,264
2011,5,22,45
2011,5,21,108
2011,5,20,198
2011,5,19,233
2011,5,18,226
2011,5,17,315
2011,5,16,158
2011,5,15,29
2011,5,14,78
2011,5,13,199
2011,5,12,255
2011,5,11,220
2011,5,10,267
2011,5,9,261
2011,5,7,85
2011,5,6,187
2011,5,5,173
2011,5,4,231
2011,5,3,197
2011,5,2,119
2011,5,1,56
2011,4,30,88
2011,4,29,184
2011,4,28,169
2011,4,27,207
2011,4,26,207
2011,4,25,251
2011,4,23,65
2011,4,22,180
2011,4,21,156
2011,4,20,180
2011,4,19,275
2011,4,18,267
2011,4,17,27
2011,4,16,91
2011,4,15,148
2011,4,14,202
2011,4,13,242
2011,4,12,235
2011,4,11,228
2011,4,10,38
2011,4,9,116
2011,4,8,247
2011,4,7,200
2011,4,6,180
2011,4,5,199
2011,4,4,240
2011,4,3,55
2011,4,2,128
2011,4,1,139
2011,3,31,159
2011,3,30,350
2011,3,29,29
2011,3,28,238
2011,3,27,15
2011,3,26,118
2011,3,25,174
2011,3,24,204
2011,3,23,169
2011,3,22,182
2011,3,21,125
2011,3,20,42
2011,3,19,101
2011,3,18,146
2011,3,17,137
2011,3,16,173
2011,3,15,100
2011,3,14,154
2011,3,13,15
2011,3,12,72
2011,3,11,115
2011,3,10,181
2011,3,9,102
2011,3,8,212
2011,3,7,135
2011,3,6,14
2011,3,5,88
2011,3,4,155
2011,3,3,129
2011,3,2,109
2011,3,1,99
2011,2,28,166
2011,2,26,77
2011,2,25,150
2011,2,24,109
2011,2,23,123
2011,2,22,112
2011,2,21,113
2011,2,20,2
2011,2,19,54
2011,2,18,127
2011,2,17,105
2011,2,16,123
2011,2,15,104
2011,2,14,113
2011,2,12,50
2011,2,11,105
2011,2,10,111
2011,2,9,117
2011,2,8,59
2011,2,7,75
2011,2,5,29
2011,2,4,85
2011,2,3,116
2011,2,2,78
2011,2,1,130
2011,1,31,104
2011,1,29,47
2011,1,28,103
2011,1,27,95
2011,1,26,154
2011,1,25,108
2011,1,24,129
2011,1,22,54
2011,1,21,119
2011,1,20,83
2011,1,19,173
2011,1,18,122
2011,1,17,72
2011,1,15,23
2011,1,14,85
2011,1,13,81
2011,1,12,101
2011,1,11,45
2011,1,10,16
2011,1,8,41
2011,1,7,105
2011,1,6,98
2011,1,5,82
2011,1,4,59
2011,1,3,34
2011,1,1,6
2010,12,31,74
2010,12,30,261
2010,12,29,262
2010,12,28,245
2010,12,27,400
2010,12,24,99
2010,12,23,259
2010,12,22,168
2010,12,21,192
2010,12,20,213
2010,12,19,18
2010,12,18,191
2010,12,17,179
2010,12,16,160
2010,12,15,173
2010,12,14,188
2010,12,13,154
2010,12,12,17
2010,12,11,203
2010,12,10,165
2010,12,9,161
2010,12,8,175
2010,12,7,156
2010,12,6,239
2010,12,5,38
2010,12,4,194
2010,12,3,271
2010,12,2,186
2010,12,1,152
2010,11,30,274
2010,11,29,240
2010,11,28,57
2010,11,27,256
2010,11,26,179
2010,11,24,45
2010,11,23,176
2010,11,22,182
2010,11,21,10
2010,11,20,146
2010,11,19,175
2010,11,18,135
2010,11,17,127
2010,11,16,146
2010,11,15,185
2010,11,13,71
2010,11,12,143
2010,11,11,169
2010,11,10,127
2010,11,9,138
2010,11,8,185
2010,11,7,19
2010,11,6,370
2010,11,5,146
2010,11,4,134
2010,11,3,71
2010,11,2,117
2010,11,1,120
2010,10,30,60
2010,10,29,160
2010,10,28,103
2010,10,27,169
2010,10,26,157
2010,10,25,112
2010,10,23,50
2010,10,22,109
2010,10,21,131
2010,10,20,166
2010,10,19,191
2010,10,18,129
2010,10,16,37
2010,10,15,143
2010,10,14,140
2010,10,13,137
2010,10,12,123
2010,10,11,184
2010,10,9,17
2010,10,8,109
2010,10,7,190
2010,10,6,121
2010,10,5,134
2010,10,4,130
2010,10,3,5
2010,10,2,29
2010,10,1,170
2010,9,30,221
2010,9,29,173
2010,9,28,172
2010,9,27,149
2010,9,25,32
2010,9,24,145
2010,9,23,185
2010,9,22,175
2010,9,21,163
2010,9,20,163
2010,9,18,36
2010,9,17,106
2010,9,16,160
2010,9,15,172
2010,9,14,224
2010,9,13,206
2010,9,11,41
2010,9,10,190
2010,9,9,187
2010,9,8,183
2010,9,7,219
2010,9,6,124
2010,9,5,35
2010,9,4,85
2010,9,3,124
2010,9,2,92
2010,9,1,99
2010,8,31,203
2010,8,30,238
2010,8,29,6
2010,8,28,73
2010,8,27,157
2010,8,26,176
2010,8,25,134
2010,8,24,201
2010,8,23,206
2010,8,21,49
2010,8,20,154
2010,8,19,266
2010,8,18,176
2010,8,17,247
2010,8,16,226
2010,8,14,38
2010,8,13,212
2010,8,12,164
2010,8,11,152
2010,8,10,168
2010,8,9,183
2010,8,7,42
2010,8,6,253
2010,8,5,185
2010,8,4,209
2010,8,3,145
2010,8,2,188
2010,8,1,41
2010,7,31,43
2010,7,30,245
2010,7,29,219
2010,7,28,206
2010,7,27,228
2010,7,26,217
2010,7,24,34
2010,7,23,218
2010,7,22,265
2010,7,21,220
2010,7,20,185
2010,7,19,305
2010,7,17,45
2010,7,16,200
2010,7,15,185
2010,7,14,220
2010,7,13,166
2010,7,12,230
2010,7,10,32
2010,7,9,218
2010,7,8,190
2010,7,7,183
2010,7,6,125
2010,7,5,73
2010,7,3,58
2010,7,2,249
2010,7,1,144
2010,6,30,250
2010,6,29,249
2010,6,28,290
2010,6,27,7
2010,6,26,86
2010,6,25,259
2010,6,24,229
2010,6,23,176
2010,6,22,296
2010,6,21,255
2010,6,19,34
2010,6,18,226
2010,6,17,219
2010,6,16,197
2010,6,15,182
2010,6,14,306
2010,6,12,25
2010,6,11,260
2010,6,10,203
2010,6,9,184
2010,6,8,237
2010,6,7,278
2010,6,4,222
2010,6,3,223
2010,6,2,165
2010,6,1,158
2010,5,31,116
2010,5,29,31
2010,5,28,296
2010,5,27,239
2010,5,26,233
2010,5,25,301
2010,5,24,205
2010,5,22,34
2010,5,21,194
2010,5,20,189
2010,5,19,232
2010,5,18,257
2010,5,17,333
2010,5,16,23
2010,5,15,7
2010,5,14,225
2010,5,13,173
2010,5,12,186
2010,5,11,176
2010,5,10,280
2010,5,8,10
2010,5,7,235
2010,5,6,270
2010,5,5,147
2010,5,4,212
2010,5,3,171
2010,5,2,64
2010,5,1,136
2010,4,30,263
2010,4,29,168
2010,4,28,162
2010,4,27,263
2010,4,26,178
2010,4,25,10
2010,4,24,9
2010,4,23,191
2010,4,22,148
2010,4,21,148
2010,4,20,207
2010,4,19,205
2010,4,18,13
2010,4,17,8
2010,4,16,200
2010,4,15,148
2010,4,14,218
2010,4,13,213
2010,4,12,208
2010,4,10,14
2010,4,9,212
2010,4,8,108
2010,4,7,137
2010,4,6,181
2010,4,5,188
2010,4,4,1
2010,4,3,53
2010,4,2,129
2010,4,1,79
2010,3,31,178
2010,3,30,138
2010,3,29,209
2010,3,26,157
2010,3,25,125
2010,3,24,98
2010,3,23,139
2010,3,22,183
2010,3,20,20
2010,3,19,129
2010,3,18,79
2010,3,17,167
2010,3,16,117
2010,3,15,102
2010,3,13,14
2010,3,12,137
2010,3,11,151
2010,3,10,105
2010,3,9,195
2010,3,8,130
2010,3,7,26
2010,3,6,3
2010,3,5,88
2010,3,4,83
2010,3,3,119
2010,3,2,110
2010,3,1,78
2010,2,27,46
2010,2,26,45
2010,2,25,76
2010,2,24,87
2010,2,23,92
2010,2,22,203
2010,2,20,8
2010,2,19,68
2010,2,18,60
2010,2,17,39
2010,2,16,77
2010,2,15,115
2010,2,13,1
2010,2,12,71
2010,2,11,73
2010,2,10,71
2010,2,9,63
2010,2,8,113
2010,2,7,6
2010,2,6,4
2010,2,5,71
2010,2,4,83
2010,2,3,66
2010,2,2,77
2010,2,1,112
2010,1,31,10
2010,1,29,147
2010,1,28,91
2010,1,27,99
2010,1,26,45
2010,1,25,111
2010,1,23,4
2010,1,22,71
2010,1,21,115
2010,1,20,96
2010,1,19,84
2010,1,18,171
2010,1,16,15
2010,1,15,79
2010,1,14,73
2010,1,13,104
2010,1,12,90
2010,1,11,112
2010,1,10,1
2010,1,9,30
2010,1,8,106
2010,1,7,85
2010,1,6,80
2010,1,5,9
2010,1,2,2
2010,1,1,42
2009,12,5,1
2009,12,4,2
2009,12,3,33
2009,12,2,23