SalesOrder,OrderStatus,OrderDate,ReqShipDate,InterWhSale,
200-1107905,4,12/7/2022,1/18/2023,,#N/A
200-1107906,1,12/8/2022,1/19/2023,,#N/A
200-1107907,1,12/8/2022,1/19/2023,,#N/A
200-1107908,1,12/8/2022,1/19/2023,,#N/A
200-1107909,1,12/8/2022,1/19/2023,,#N/A
200-1107910,1,12/8/2022,1/19/2023,,#N/A
200-1107911,S,12/8/2022,1/20/2023,,#N/A
200-1107912,S,12/8/2022,1/20/2023,,#N/A
200-1107913,S,12/8/2022,1/20/2023,,#N/A
200-1107914,F,12/8/2022,1/19/2023,,#N/A
200-1107915,1,12/8/2022,1/19/2023,,#N/A
200-1107916,1,12/8/2022,1/19/2023,,#N/A
200-1107917,\,12/8/2022,1/19/2023,,#N/A
200-1107918,1,12/8/2022,1/19/2023,,#N/A
200-1107919,1,12/8/2022,1/19/2023,,#N/A
200-1107920,1,12/8/2022,1/19/2023,,#N/A
200-1107921,1,12/8/2022,1/19/2023,,#N/A
200-1107922,1,12/8/2022,1/19/2023,,#N/A
200-1107923,S,12/8/2022,1/20/2023,,#N/A
200-1107924,1,12/8/2022,1/19/2023,,#N/A
200-1107925,1,12/8/2022,1/19/2023,,#N/A
200-1107926,S,12/8/2022,1/20/2023,,#N/A
200-1107927,1,12/8/2022,1/19/2023,,#N/A
200-1107928,1,12/8/2022,1/19/2023,,#N/A
200-1107929,1,12/8/2022,1/19/2023,,#N/A
200-1107930,1,12/8/2022,1/19/2023,,#N/A
200-1107931,1,12/8/2022,1/19/2023,,#N/A
200-1107932,1,12/8/2022,1/19/2023,,#N/A
200-1107933,F,12/8/2022,1/19/2023,,#N/A
200-1107934,F,12/8/2022,1/19/2023,,#N/A
200-1107935,1,12/8/2022,1/19/2023,,#N/A
200-1107936,F,12/8/2022,1/19/2023,,#N/A
200-1107937,1,12/8/2022,1/19/2023,,#N/A
200-1107938,1,12/8/2022,1/19/2023,,#N/A
200-1107939,F,12/8/2022,1/19/2023,,#N/A
200-1107940,F,12/8/2022,1/19/2023,,#N/A
200-1107941,F,12/8/2022,1/19/2023,,#N/A
200-1107942,\,12/8/2022,1/19/2023,,#N/A
200-1107943,1,12/8/2022,1/19/2023,,#N/A
200-8013528,8,12/8/2022,1/19/2023,,#N/A
200-8013529,8,12/8/2022,1/19/2023,,#N/A
200-8013530,8,12/8/2022,1/19/2023,,#N/A
200-8013531,8,12/8/2022,1/19/2023,,#N/A
200-8013532,8,12/8/2022,1/19/2023,,#N/A
200-8013533,8,12/8/2022,1/19/2023,,#N/A
200-8013534,8,12/8/2022,1/19/2023,,#N/A
200-8013535,8,12/8/2022,1/19/2023,,#N/A
200-8013536,8,12/8/2022,1/19/2023,,#N/A
200-8013537,8,12/8/2022,1/19/2023,,#N/A
200-8013538,8,12/8/2022,1/19/2023,,#N/A
210-8003208,8,12/8/2022,1/19/2023,,#N/A
210-8003209,8,12/8/2022,1/19/2023,,#N/A
210-8003210,8,12/8/2022,1/19/2023,,#N/A
210-8003211,9,12/8/2022,1/19/2023,,#N/A
210-8003212,9,12/8/2022,1/19/2023,,#N/A
210-1021914,1,12/8/2022,1/19/2023,,#N/A
210-1021915,1,12/8/2022,1/19/2023,,#N/A
210-1021916,4,12/8/2022,1/19/2023,,#N/A
210-1021917,1,12/8/2022,1/19/2023,,#N/A
210-1021918,\,12/8/2022,1/19/2023,,#N/A
210-1021919,1,12/8/2022,1/20/2023,,#N/A
210-1021920,1,12/8/2022,1/20/2023,,#N/A
210-1021921,1,12/8/2022,1/20/2023,,#N/A
210-1021922,1,12/8/2022,1/19/2023,,#N/A
210-1021923,1,12/8/2022,1/20/2023,,#N/A
210-1021924,1,12/8/2022,1/19/2023,,#N/A
210-1021925,F,12/8/2022,1/19/2023,,#N/A
210-1021926,1,12/8/2022,1/19/2023,,#N/A
210-1021927,F,12/8/2022,1/19/2023,,#N/A
210-1021928,F,12/8/2022,1/19/2023,,#N/A
210-1021929,1,12/8/2022,1/20/2023,,#N/A
210-1021930,1,12/8/2022,1/20/2023,,#N/A
210-1021931,F,12/8/2022,1/19/2023,,#N/A
220-1172507,1,12/7/2022,1/19/2023,,#N/A
220-1172508,1,12/7/2022,1/19/2023,,#N/A
220-1172509,1,12/7/2022,1/19/2023,,#N/A
220-1172510,S,12/7/2022,1/20/2023,,#N/A
220-1172511,1,12/7/2022,1/19/2023,,#N/A
220-1172512,1,12/7/2022,1/19/2023,,#N/A
220-1172513,1,12/8/2022,1/19/2023,,#N/A
220-1172514,1,12/8/2022,1/19/2023,,#N/A
220-1172515,S,12/8/2022,1/20/2023,,#N/A
220-1172516,1,12/8/2022,1/19/2023,,#N/A
220-1172517,1,12/8/2022,1/19/2023,,#N/A
220-1172518,1,12/8/2022,1/19/2023,,#N/A
220-1172519,1,12/8/2022,1/19/2023,,#N/A
220-1172520,1,12/8/2022,1/19/2023,,#N/A
220-1172521,1,12/8/2022,1/19/2023,,#N/A
220-1172522,1,12/8/2022,1/19/2023,,#N/A
220-1172523,1,12/8/2022,1/19/2023,,#N/A
220-1172524,1,12/8/2022,1/19/2023,,#N/A
220-1172525,1,12/8/2022,1/19/2023,,#N/A
220-1172526,1,12/8/2022,1/19/2023,,#N/A
220-1172527,S,12/8/2022,1/20/2023,,#N/A
220-1172528,4,12/8/2022,1/19/2023,,#N/A
220-1172529,1,12/8/2022,1/19/2023,,#N/A
220-1172530,1,12/8/2022,1/19/2023,,#N/A
220-1172531,1,12/8/2022,1/19/2023,,#N/A
220-1172532,1,12/8/2022,1/19/2023,,#N/A
220-1172533,1,12/8/2022,1/19/2023,,#N/A
220-1172534,1,12/8/2022,1/19/2023,,#N/A
220-1172535,1,12/8/2022,1/19/2023,,#N/A
220-1172536,1,12/8/2022,1/19/2023,,#N/A
220-1172537,S,12/8/2022,1/20/2023,,#N/A
220-1172538,1,12/8/2022,1/19/2023,,#N/A
220-1172539,1,12/8/2022,1/19/2023,,#N/A
220-1172540,1,12/8/2022,1/19/2023,,#N/A
220-1172541,1,12/8/2022,1/19/2023,,#N/A
220-1172542,1,12/8/2022,1/19/2023,,#N/A
220-1172543,1,12/8/2022,1/19/2023,,#N/A
220-1172544,1,12/8/2022,1/19/2023,,#N/A
220-1172545,1,12/8/2022,1/19/2023,,#N/A
220-1172546,1,12/8/2022,1/19/2023,,#N/A
220-1172547,1,12/8/2022,1/19/2023,,#N/A
220-1172548,1,12/8/2022,1/19/2023,,#N/A
220-1172549,1,12/8/2022,12/8/2022,,#N/A
220-1172550,1,12/8/2022,1/19/2023,,#N/A
220-1172551,1,12/8/2022,1/19/2023,,#N/A
220-1172552,S,12/8/2022,1/20/2023,,#N/A
220-1172553,1,12/8/2022,1/19/2023,,#N/A
220-1172554,1,12/8/2022,1/19/2023,,#N/A
220-1172555,1,12/8/2022,1/19/2023,,#N/A
220-1172556,1,12/8/2022,1/19/2023,,#N/A
220-1172557,S,12/8/2022,1/20/2023,,#N/A
220-1172558,1,12/8/2022,1/19/2023,,#N/A
220-1172559,1,12/8/2022,1/19/2023,,#N/A
220-1172560,S,12/8/2022,1/20/2023,,#N/A
220-1172561,1,12/8/2022,1/19/2023,,#N/A
220-1172562,1,12/8/2022,1/19/2023,,#N/A
220-1172563,1,12/8/2022,1/19/2023,,#N/A
220-1172564,S,12/8/2022,1/20/2023,,#N/A
220-1172565,1,12/8/2022,1/19/2023,,#N/A
220-1172566,1,12/8/2022,1/19/2023,,#N/A
220-1172567,1,12/8/2022,1/19/2023,,#N/A
220-1172568,9,12/8/2022,1/19/2023,,#N/A
220-1172569,1,12/8/2022,1/19/2023,,#N/A
220-1172570,9,12/6/2022,1/19/2023,,#N/A
220-1172571,1,12/8/2022,1/19/2023,,#N/A
220-1172572,1,12/8/2022,1/19/2023,,#N/A
220-1172573,S,12/8/2022,1/19/2023,,#N/A
220-1172574,1,12/8/2022,1/19/2023,,#N/A
220-1172575,1,12/8/2022,1/19/2023,,#N/A
220-1172576,1,12/8/2022,1/20/2023,,#N/A
220-1172577,1,12/8/2022,1/19/2023,,#N/A
220-1172578,F,12/8/2022,1/19/2023,,#N/A
220-1172579,1,12/8/2022,1/19/2023,,#N/A
220-1172580,1,12/8/2022,1/19/2023,,#N/A
220-1172581,1,12/8/2022,1/20/2023,,#N/A
220-1172582,1,12/8/2022,1/19/2023,,#N/A
220-1172583,\,12/2/2022,1/19/2023,,#N/A
220-1172584,F,12/8/2022,1/19/2023,,#N/A
220-1172585,1,12/8/2022,1/19/2023,,#N/A
220-1172586,F,12/8/2022,1/19/2023,,#N/A
220-1172587,F,12/8/2022,1/19/2023,,#N/A
220-1172588,1,12/8/2022,1/19/2023,,#N/A
220-1172589,1,12/8/2022,1/19/2023,,#N/A
220-1172590,F,12/8/2022,1/19/2023,,#N/A
220-1172591,F,12/8/2022,1/19/2023,,#N/A
220-1172592,F,12/8/2022,1/19/2023,,#N/A
220-1172593,F,12/8/2022,1/19/2023,,#N/A
220-1172594,F,12/8/2022,1/19/2023,,#N/A
220-1172595,F,12/8/2022,1/19/2023,,#N/A
220-1172596,F,12/8/2022,1/19/2023,,#N/A
220-1172597,F,12/8/2022,1/19/2023,,#N/A
220-1172598,F,12/8/2022,1/19/2023,,#N/A
220-8018264,8,12/8/2022,1/19/2023,,#N/A
220-8018265,8,12/8/2022,1/19/2023,,#N/A
220-8018266,8,12/8/2022,1/19/2023,,#N/A
220-8018267,8,12/8/2022,1/19/2023,,#N/A
220-8018268,8,12/8/2022,1/19/2023,,#N/A
220-8018269,8,12/8/2022,1/19/2023,,#N/A
220-8018270,8,12/8/2022,1/19/2023,,#N/A
220-8018271,8,12/8/2022,1/19/2023,,#N/A
220-8018272,8,12/8/2022,1/19/2023,,#N/A
220-8018273,8,12/8/2022,1/19/2023,,#N/A
220-8018274,8,12/8/2022,1/19/2023,,#N/A
220-8018275,8,12/8/2022,1/19/2023,,#N/A
220-8018276,8,12/8/2022,1/19/2023,,#N/A
220-8018277,8,12/8/2022,1/19/2023,,#N/A
220-8018278,8,12/8/2022,1/19/2023,,#N/A
220-8018279,8,12/8/2022,1/19/2023,,#N/A
220-8018280,8,12/8/2022,1/19/2023,,#N/A
220-8018281,8,12/8/2022,1/19/2023,,#N/A
220-8018282,8,12/8/2022,1/19/2023,,#N/A
220-8018283,8,12/8/2022,1/19/2023,,#N/A
230-1009503,1,12/8/2022,1/19/2023,,#N/A
230-1009504,1,12/8/2022,1/19/2023,,#N/A
230-1009505,1,12/8/2022,1/19/2023,,#N/A
230-1009506,1,12/8/2022,1/19/2023,,#N/A
240-8000345,8,12/8/2022,1/19/2023,,#N/A
240-1003180,1,12/7/2022,1/18/2023,,#N/A
240-1003181,1,12/7/2022,1/18/2023,,#N/A
240-1003182,1,12/8/2022,1/19/2023,,#N/A
240-1003183,F,12/8/2022,1/19/2023,,#N/A
250-1004327,1,12/8/2022,1/19/2023,,#N/A
250-1004328,1,12/8/2022,1/19/2023,,#N/A
250-1004329,1,12/8/2022,1/19/2023,,#N/A
250-1004330,1,12/8/2022,1/19/2023,,#N/A
250-1004331,1,12/8/2022,12/8/2022,,#N/A
250-8001372,8,12/8/2022,1/19/2023,,#N/A
250-8001373,8,12/8/2022,1/19/2023,,#N/A
250-8001374,8,12/8/2022,1/19/2023,,#N/A
260-1006812,1,12/5/2022,1/17/2023,,#N/A
260-1006813,1,12/5/2022,1/19/2023,,#N/A
260-1006814,1,12/5/2022,1/17/2023,,#N/A
260-1006815,1,12/5/2022,1/18/2023,,#N/A
260-1006816,F,12/5/2022,1/16/2023,,#N/A
260-1006817,1,12/6/2022,1/19/2023,,#N/A
260-1006818,1,12/6/2022,1/19/2023,,#N/A
260-1006819,1,12/6/2022,1/17/2023,,#N/A
260-1006820,1,12/6/2022,1/17/2023,,#N/A
260-1006821,1,12/6/2022,1/17/2023,,#N/A
260-1006822,1,12/6/2022,1/17/2023,,#N/A
260-1006823,F,12/6/2022,1/17/2023,,#N/A
260-1006824,1,12/6/2022,1/17/2023,,#N/A
260-1006825,F,12/6/2022,1/17/2023,,#N/A
260-1006826,1,12/6/2022,1/17/2023,,#N/A
260-1006827,1,12/6/2022,1/17/2023,,#N/A
260-1006828,1,12/6/2022,1/19/2023,,#N/A
260-1006829,F,12/6/2022,1/17/2023,,#N/A
260-1006830,F,12/6/2022,1/17/2023,,#N/A
260-1006831,1,12/6/2022,1/19/2023,,#N/A
260-1006832,F,12/6/2022,1/17/2023,,#N/A
260-1006833,F,12/6/2022,1/17/2023,,#N/A
260-1006834,1,12/6/2022,1/18/2023,,#N/A
260-1006835,F,12/6/2022,1/17/2023,,#N/A
260-1006836,F,12/6/2022,1/17/2023,,#N/A
260-1006837,F,12/6/2022,1/17/2023,,#N/A
260-1006838,1,12/7/2022,1/19/2023,,#N/A
260-1006839,F,12/7/2022,1/18/2023,,#N/A
260-1006840,F,12/7/2022,1/18/2023,,#N/A
260-1006841,F,12/7/2022,1/18/2023,,#N/A
260-1006842,F,12/7/2022,1/18/2023,,#N/A
260-1006843,F,12/7/2022,1/18/2023,,#N/A
260-1006844,F,12/7/2022,1/18/2023,,#N/A
260-1006845,F,12/7/2022,1/18/2023,,#N/A
260-1006846,F,12/7/2022,1/18/2023,,#N/A
260-1006847,1,12/7/2022,1/18/2023,,#N/A
260-1006848,F,12/7/2022,1/18/2023,,#N/A
260-1006849,1,12/7/2022,1/18/2023,,#N/A
260-1006850,1,12/7/2022,1/19/2023,,#N/A
260-1006851,1,12/8/2022,1/19/2023,,#N/A
260-1006852,F,12/8/2022,1/19/2023,,#N/A
260-1006853,F,12/8/2022,1/19/2023,,#N/A
260-1006854,1,12/8/2022,1/19/2023,,#N/A
260-1006855,F,12/8/2022,1/19/2023,,#N/A
260-1006856,F,12/8/2022,1/19/2023,,#N/A
260-1006857,F,12/8/2022,1/19/2023,,#N/A
260-1006858,F,12/8/2022,1/19/2023,,#N/A
260-1006859,F,12/8/2022,1/19/2023,,#N/A
260-1006860,1,12/8/2022,1/19/2023,,#N/A
260-1006861,F,12/8/2022,1/19/2023,,#N/A
260-1006862,F,12/8/2022,1/19/2023,,#N/A
260-1006863,F,12/8/2022,1/19/2023,,#N/A
260-1006864,F,12/8/2022,1/19/2023,,#N/A
260-1006865,F,12/8/2022,1/19/2023,,#N/A
260-1006866,F,12/8/2022,1/19/2023,,#N/A
260-8001128,8,12/7/2022,1/18/2023,,#N/A
260-8001129,8,12/7/2022,1/18/2023,,#N/A
260-8001130,8,12/7/2022,1/18/2023,,#N/A
260-8001131,9,12/7/2022,1/18/2023,,#N/A
260-8001132,8,12/7/2022,1/18/2023,,#N/A
260-8001133,8,12/8/2022,1/19/2023,,#N/A
260-8001134,8,12/8/2022,1/19/2023,,#N/A
301-1013333,1,12/5/2022,1/16/2023,,#N/A
301-1013334,1,12/5/2022,1/16/2023,,#N/A
301-1013335,9,12/5/2022,1/16/2023,,#N/A
301-1013336,1,12/6/2022,1/17/2023,,#N/A
301-1013337,1,12/7/2022,1/18/2023,,#N/A
301-1013338,1,12/7/2022,1/18/2023,,#N/A
301-1013339,9,12/7/2022,1/18/2023,,#N/A
301-1013340,1,12/8/2022,1/19/2023,,#N/A
301-1013341,1,12/8/2022,1/19/2023,,#N/A
301-1013342,9,12/8/2022,1/19/2023,,#N/A
301-1013343,9,12/8/2022,1/19/2023,,#N/A
301-1013344,9,12/8/2022,1/19/2023,,#N/A
301-1013345,9,12/8/2022,1/19/2023,,#N/A
301-1013346,1,12/8/2022,1/19/2023,,#N/A
301-8000953,9,12/5/2022,1/16/2023,,#N/A
301-8000954,9,12/7/2022,1/18/2023,,#N/A
301-8000955,9,12/8/2022,1/19/2023,,#N/A
301-8000956,9,12/8/2022,1/19/2023,,#N/A
301-8000957,9,12/8/2022,1/19/2023,,#N/A
301-8000958,9,12/8/2022,1/19/2023,,#N/A
302-8000796,8,12/8/2022,1/19/2023,,#N/A
302-8000797,9,12/8/2022,1/19/2023,,#N/A
302-1021090,9,12/5/2022,1/16/2023,,#N/A
302-1021091,\,12/5/2022,1/16/2023,,#N/A
302-1021092,1,12/5/2022,1/16/2023,,#N/A
302-1021093,1,12/5/2022,1/16/2023,,#N/A
302-1021094,1,12/5/2022,1/16/2023,,#N/A
302-1021095,1,12/5/2022,1/16/2023,,#N/A
302-1021096,9,12/6/2022,1/17/2023,,#N/A
302-1021097,1,12/6/2022,1/17/2023,,#N/A
302-1021098,1,12/6/2022,1/17/2023,,#N/A
302-1021099,1,12/7/2022,1/18/2023,,#N/A
302-1021100,1,12/7/2022,1/18/2023,,#N/A
302-1021101,\,12/7/2022,1/18/2023,,#N/A
302-1021102,1,12/7/2022,1/18/2023,,#N/A
302-1021103,1,12/8/2022,1/19/2023,,#N/A
302-1021104,1,12/8/2022,1/19/2023,,#N/A
302-1021105,9,12/8/2022,1/19/2023,,#N/A
302-1021106,9,12/8/2022,1/19/2023,,#N/A
302-1021107,9,12/8/2022,1/19/2023,,#N/A
303-1012362,\,12/5/2022,1/16/2023,,#N/A
303-1012363,1,12/5/2022,1/16/2023,,#N/A
303-1012364,9,12/5/2022,1/16/2023,,#N/A
303-1012365,1,12/6/2022,1/17/2023,,#N/A
303-1012366,9,12/7/2022,1/18/2023,,#N/A
303-1012367,1,12/7/2022,1/18/2023,,#N/A
303-1012368,1,12/7/2022,1/18/2023,,#N/A
303-1012369,9,12/7/2022,1/18/2023,,#N/A
303-1012370,9,12/7/2022,1/18/2023,,#N/A
303-8001048,9,12/8/2022,1/19/2023,,#N/A
304-8000876,9,12/7/2022,1/18/2023,,#N/A
304-1011293,9,12/5/2022,1/16/2023,,#N/A
304-1011294,1,12/5/2022,1/16/2023,,#N/A
304-1011295,9,12/5/2022,1/16/2023,,#N/A
304-1011296,1,12/6/2022,1/17/2023,,#N/A
304-1011297,1,12/6/2022,1/17/2023,,#N/A
304-1011298,9,12/7/2022,1/18/2023,,#N/A
304-1011299,9,12/7/2022,1/18/2023,,#N/A
304-1011300,9,12/7/2022,1/18/2023,,#N/A
304-1011301,9,12/8/2022,1/19/2023,,#N/A
304-1011302,1,12/8/2022,1/19/2023,,#N/A
305-1009759,9,12/5/2022,1/16/2023,,#N/A
305-1009760,9,12/5/2022,1/16/2023,,#N/A
305-1009761,9,12/6/2022,1/17/2023,,#N/A
305-1009762,9,12/6/2022,1/17/2023,,#N/A
305-1009763,9,12/6/2022,1/17/2023,,#N/A
305-1009764,9,12/6/2022,1/17/2023,,#N/A
305-1009765,\,12/8/2022,1/19/2023,,#N/A
305-1009766,9,12/8/2022,1/19/2023,,#N/A
305-1009767,1,12/8/2022,1/19/2023,,#N/A
305-1009768,9,12/8/2022,1/19/2023,,#N/A
305-1009769,9,12/8/2022,1/19/2023,,#N/A
305-1009770,9,12/8/2022,1/19/2023,,#N/A
305-1009771,9,12/8/2022,1/19/2023,,#N/A
305-1009772,1,12/8/2022,1/19/2023,,#N/A
305-1009773,1,12/8/2022,1/19/2023,,#N/A
305-1009774,9,12/8/2022,1/19/2023,,#N/A
305-8000594,\,12/7/2022,1/18/2023,,#N/A
305-8000595,\,12/7/2022,1/18/2023,,#N/A
308-1007641,9,12/5/2022,1/16/2023,,#N/A
308-1007642,2,12/5/2022,1/16/2023,,#N/A
308-1007643,1,12/5/2022,1/16/2023,,#N/A
308-1007644,9,12/5/2022,1/16/2023,,#N/A
308-1007645,9,12/6/2022,1/17/2023,,#N/A
308-1007646,1,12/6/2022,1/17/2023,,#N/A
308-1007647,9,12/6/2022,1/17/2023,,#N/A
308-1007648,9,12/6/2022,1/17/2023,,#N/A
308-1007649,9,12/6/2022,1/17/2023,,#N/A
308-1007650,9,12/6/2022,1/17/2023,,#N/A
308-1007651,9,12/6/2022,1/17/2023,,#N/A
308-1007652,9,12/6/2022,1/17/2023,,#N/A
308-1007653,9,12/6/2022,1/17/2023,,#N/A
308-1007654,9,12/7/2022,1/18/2023,,#N/A
308-1007655,1,12/7/2022,1/18/2023,,#N/A
308-1007656,9,12/7/2022,1/18/2023,,#N/A
308-1007657,1,12/7/2022,1/18/2023,,#N/A
308-1007658,9,12/7/2022,1/18/2023,,#N/A
308-1007659,9,12/8/2022,1/19/2023,,#N/A
308-1007660,1,12/8/2022,1/19/2023,,#N/A
308-1007661,9,12/8/2022,1/19/2023,,#N/A
308-1007662,9,12/8/2022,1/19/2023,,#N/A
308-1007663,1,12/8/2022,1/19/2023,,#N/A
308-1007664,9,12/8/2022,1/19/2023,,#N/A
308-8000500,8,12/7/2022,1/18/2023,,#N/A
308-8000501,8,12/7/2022,1/18/2023,,#N/A
308-8000502,8,12/8/2022,1/19/2023,,#N/A
313-1001130,1,12/6/2022,1/17/2023,,#N/A
313-1001131,1,12/6/2022,1/17/2023,,#N/A
314-1000957,9,12/5/2022,1/16/2023,,#N/A
314-1000958,1,12/5/2022,1/16/2023,,#N/A
314-1000959,9,12/7/2022,1/18/2023,,#N/A
314-1000960,9,12/7/2022,1/18/2023,,#N/A
314-1000961,9,12/8/2022,1/19/2023,,#N/A
314-1000962,\,12/8/2022,1/19/2023,,#N/A
314-1000963,9,12/8/2022,1/19/2023,,#N/A
314-8000023,8,12/6/2022,1/17/2023,,#N/A
314-8000024,8,12/7/2022,1/18/2023,,#N/A
306-1019454,9,12/5/2022,12/5/2022,,#N/A
306-1019455,9,12/5/2022,1/16/2023,,#N/A
306-1019456,9,12/5/2022,12/5/2022,,#N/A
306-1019457,9,12/5/2022,12/5/2022,,#N/A
306-1019458,9,12/5/2022,1/16/2023,,#N/A
306-1019459,9,12/5/2022,12/5/2022,,#N/A
306-1019460,9,12/5/2022,12/5/2022,,#N/A
306-1019461,9,12/5/2022,12/5/2022,,#N/A
306-1019462,9,12/5/2022,12/5/2022,,#N/A
306-1019463,9,12/6/2022,12/6/2022,,#N/A
306-1019464,9,12/6/2022,12/6/2022,,#N/A
306-1019465,9,12/6/2022,12/6/2022,,#N/A
306-1019466,1,12/6/2022,1/17/2023,,#N/A
306-1019467,9,12/6/2022,12/6/2022,,#N/A
306-1019468,1,12/6/2022,1/17/2023,,#N/A
306-1019469,*,12/6/2022,12/6/2022,,#N/A
306-1019470,9,12/6/2022,1/17/2023,,#N/A
306-1019471,*,12/6/2022,12/6/2022,,#N/A
306-1019472,9,12/6/2022,12/6/2022,,#N/A
306-1019473,*,12/7/2022,12/7/2022,,#N/A
306-1019474,9,12/7/2022,12/7/2022,,#N/A
306-1019475,9,12/7/2022,12/7/2022,,#N/A
306-1019476,1,12/7/2022,1/18/2023,,#N/A
306-1019477,9,12/7/2022,12/7/2022,,#N/A
306-1019478,9,12/7/2022,12/7/2022,,#N/A
306-1019479,2,12/7/2022,1/18/2023,,#N/A
306-1019480,9,12/7/2022,12/7/2022,,#N/A
306-1019481,9,12/7/2022,12/7/2022,,#N/A
306-1019482,1,12/8/2022,1/19/2023,,#N/A
311-1003308,1,12/6/2022,1/17/2023,,#N/A
311-1003309,1,12/6/2022,1/17/2023,,#N/A
311-1003310,9,12/7/2022,1/18/2023,,#N/A
311-1003311,9,12/7/2022,1/18/2023,,#N/A
311-1003312,9,12/7/2022,1/18/2023,,#N/A
311-1003313,9,12/7/2022,1/18/2023,,#N/A
311-1003314,9,12/7/2022,1/18/2023,,#N/A
311-1003315,9,12/7/2022,1/18/2023,,#N/A
311-1003316,9,12/8/2022,1/19/2023,,#N/A
311-1003317,9,12/8/2022,1/19/2023,,#N/A
311-8000163,9,12/6/2022,1/17/2023,,#N/A
311-8000164,8,12/6/2022,1/17/2023,,#N/A
311-8000165,8,12/6/2022,1/17/2023,,#N/A
306-8001096,9,12/8/2022,1/19/2023,,#N/A
310-1003640,\,12/5/2022,1/16/2023,,#N/A
310-1003641,1,12/5/2022,1/16/2023,,#N/A
310-1003642,1,12/5/2022,1/16/2023,,#N/A
310-1003643,1,12/5/2022,1/16/2023,,#N/A
310-1003644,1,12/6/2022,1/17/2023,,#N/A
310-1003645,9,12/6/2022,1/17/2023,,#N/A
310-1003646,1,12/7/2022,1/18/2023,,#N/A
310-1003647,9,12/7/2022,1/18/2023,,#N/A
310-1003648,9,12/7/2022,1/18/2023,,#N/A
310-1003649,9,12/8/2022,1/19/2023,,#N/A
310-1003650,9,12/8/2022,1/19/2023,,#N/A
310-1003651,F,12/8/2022,1/19/2023,,#N/A
310-1003652,9,12/8/2022,1/19/2023,,#N/A
310-8000311,9,12/7/2022,1/18/2023,,#N/A
310-8000312,8,12/7/2022,1/18/2023,,#N/A
310-8000313,8,12/7/2022,1/18/2023,,#N/A
310-8000314,9,12/7/2022,1/18/2023,,#N/A
310-8000315,9,12/7/2022,1/18/2023,,#N/A
310-8000316,8,12/7/2022,1/18/2023,,#N/A
312-1005243,9,12/5/2022,1/16/2023,,#N/A
312-1005244,1,12/6/2022,1/17/2023,,#N/A
312-1005245,9,12/6/2022,1/17/2023,,#N/A
312-1005246,1,12/6/2022,1/17/2023,,#N/A
312-1005247,9,12/7/2022,1/18/2023,,#N/A
312-1005248,9,12/7/2022,1/18/2023,,#N/A
312-1005249,1,12/7/2022,1/18/2023,,#N/A
312-1005250,1,12/7/2022,1/18/2023,,#N/A
312-1005251,9,12/8/2022,1/19/2023,,#N/A
312-1005252,2,12/8/2022,1/19/2023,,#N/A
312-1005253,9,12/8/2022,1/19/2023,,#N/A
312-1005254,9,12/8/2022,1/19/2023,,#N/A
312-1005255,1,12/8/2022,1/19/2023,,#N/A
312-1005256,9,12/8/2022,1/19/2023,,#N/A
312-1005257,1,12/8/2022,1/19/2023,,#N/A
