SalesOrder,Time Stamp,CustomQueueID,Queue Status
304-1011293,12/8/2022 9:39,897911cc-770e-11ed-952e-02d962f59f52,2
304-1011294,12/8/2022 9:39,8993a316-770e-11ed-90ca-02d962f59f52,2
304-1011295,12/8/2022 9:39,89ad009a-770e-11ed-ae55-02d962f59f52,2
304-1011296,12/8/2022 9:39,89c67c50-770e-11ed-95c1-02d962f59f52,2
304-1011297,12/8/2022 9:39,89e0dafa-770e-11ed-b1d6-02d962f59f52,2
304-1011298,12/8/2022 9:39,89fa679a-770e-11ed-9bc0-02d962f59f52,2
304-1011299,12/8/2022 9:39,8a141b22-770e-11ed-90fd-02d962f59f52,2
304-1011300,12/8/2022 9:39,8a2f0784-770e-11ed-92f9-02d962f59f52,2
304-8000876,12/8/2022 9:40,aad15d48-770e-11ed-adef-06156affe90a,2
200-1107906,12/8/2022 9:53,84c72f54-7710-11ed-b712-02d06230d2dc,2
200-1107907,12/8/2022 9:53,84e30580-7710-11ed-a483-02d06230d2dc,2
200-1107908,12/8/2022 9:53,85010c4c-7710-11ed-aee9-02d06230d2dc,2
200-1107909,12/8/2022 9:53,851fc880-7710-11ed-a89a-02d06230d2dc,2
200-1107910,12/8/2022 9:53,853d6944-7710-11ed-871a-02d06230d2dc,2
200-8013529,12/8/2022 9:53,855b4b26-7710-11ed-935f-02d06230d2dc,2
200-8013530,12/8/2022 9:53,857a17d6-7710-11ed-b421-02d06230d2dc,2
200-8013531,12/8/2022 9:53,85974784-7710-11ed-9523-02d06230d2dc,2
200-8013532,12/8/2022 9:53,85b4e80c-7710-11ed-9eb7-02d06230d2dc,2
200-8013533,12/8/2022 9:53,85d02f04-7710-11ed-8e27-02d06230d2dc,2
220-1172509,12/8/2022 9:53,8839f8ba-7710-11ed-bda8-02d06230d2dc,2
220-1172511,12/8/2022 9:53,88567c1a-7710-11ed-a7b7-02d06230d2dc,2
220-1172516,12/8/2022 9:53,8875022a-7710-11ed-a848-02d06230d2dc,2
220-1172518,12/8/2022 9:53,88939d8e-7710-11ed-a26e-02d06230d2dc,2
220-1172519,12/8/2022 9:53,88b2f1fc-7710-11ed-950d-02d06230d2dc,2
220-1172520,12/8/2022 9:53,88cf7250-7710-11ed-ae45-02d06230d2dc,2
220-1172521,12/8/2022 9:53,88eb9048-7710-11ed-b347-02d06230d2dc,2
220-1172522,12/8/2022 9:53,8908258c-7710-11ed-b755-02d06230d2dc,2
220-1172523,12/8/2022 9:54,89ed5346-7710-11ed-ac38-069eed229002,2
220-1172524,12/8/2022 9:54,8a0cccb2-7710-11ed-83cd-069eed229002,2
220-1172525,12/8/2022 9:54,8a27dfb6-7710-11ed-b249-069eed229002,2
220-1172526,12/8/2022 9:54,8a44394a-7710-11ed-b8b4-069eed229002,2
220-1172527,12/8/2022 9:54,8a6247dc-7710-11ed-8e50-069eed229002,2
220-1172528,12/8/2022 9:54,8a7d8e66-7710-11ed-bbe7-069eed229002,2
220-8018264,12/8/2022 9:54,8a9a4790-7710-11ed-a293-069eed229002,2
220-8018265,12/8/2022 9:54,8ab5661a-7710-11ed-aad3-069eed229002,2
220-8018266,12/8/2022 9:54,8ad342a2-7710-11ed-8371-069eed229002,2
220-8018267,12/8/2022 9:54,8af1a5f8-7710-11ed-b832-069eed229002,2
220-8018268,12/8/2022 9:54,8b0e89f2-7710-11ed-8ec9-069eed229002,2
220-8018269,12/8/2022 9:54,8b2c7eda-7710-11ed-ad34-069eed229002,2
220-8018270,12/8/2022 9:54,8b49394e-7710-11ed-8195-069eed229002,2
260-1006853,12/8/2022 9:54,8b9dae3e-7710-11ed-8596-069eed229002,2
260-8001133,12/8/2022 9:54,8bbb8cec-7710-11ed-adff-069eed229002,2
220-1172510,12/8/2022 10:02,a86868aa-7711-11ed-8695-06156affe90a,2
220-8018271,12/8/2022 10:02,a885d85e-7711-11ed-a4d6-06156affe90a,2
220-8018272,12/8/2022 10:02,a8a3c97c-7711-11ed-b145-06156affe90a,2
302-1021102,12/8/2022 10:02,a9186192-7711-11ed-962b-06156affe90a,2
304-1011297,12/8/2022 10:02,a932efbc-7711-11ed-b80c-06156affe90a,2
200-1107909,12/8/2022 10:16,b9a34fa2-7713-11ed-8bdb-06156affe90a,2
210-1021914,12/8/2022 10:16,b9be8cb8-7713-11ed-a3dc-06156affe90a,2
210-8003208,12/8/2022 10:16,b9d9d0f4-7713-11ed-b84a-06156affe90a,2
220-1172509,12/8/2022 10:16,ba2c7ba6-7713-11ed-aaa9-06156affe90a,2
220-1172510,12/8/2022 10:16,ba47cd5c-7713-11ed-abd9-06156affe90a,5
220-1172518,12/8/2022 10:16,ba63f93c-7713-11ed-b5d4-06156affe90a,2
220-8018273,12/8/2022 10:16,ba7ef52a-7713-11ed-8578-06156affe90a,2
220-8018274,12/8/2022 10:16,ba9a135a-7713-11ed-b2d2-06156affe90a,2
240-1003180,12/8/2022 10:16,bad12020-7713-11ed-8398-06156affe90a,2
240-1003181,12/8/2022 10:16,baed43e0-7713-11ed-9939-06156affe90a,2
260-1006854,12/8/2022 10:16,bb27e1da-7713-11ed-aacf-06156affe90a,2
301-1013337,12/8/2022 10:16,bb436f5e-7713-11ed-a37d-06156affe90a,2
301-1013340,12/8/2022 10:16,bb5f2140-7713-11ed-b52b-06156affe90a,2
302-1021102,12/8/2022 10:16,bb7a35c0-7713-11ed-8f3c-06156affe90a,5
304-1011297,12/8/2022 10:16,bb95d064-7713-11ed-9202-06156affe90a,5
305-1009759,12/8/2022 10:18,fc646c9a-7713-11ed-8df3-06156affe90a,2
305-1009760,12/8/2022 10:18,fc80ccb4-7713-11ed-96f7-06156affe90a,2
305-1009761,12/8/2022 10:18,fc9cebce-7713-11ed-a24e-06156affe90a,2
305-1009762,12/8/2022 10:18,fcb89090-7713-11ed-ac45-06156affe90a,2
305-1009763,12/8/2022 10:18,fcd4e6e6-7713-11ed-965d-06156affe90a,2
305-1009764,12/8/2022 10:18,fcf15da8-7713-11ed-8be6-06156affe90a,2
305-1009765,12/8/2022 10:18,fd0d0166-7713-11ed-9744-06156affe90a,2
305-1009766,12/8/2022 10:18,fdd091e4-7713-11ed-8a44-02d06230d2dc,2
305-1009767,12/8/2022 10:18,fdf1ed1c-7713-11ed-9dd2-02d06230d2dc,2
305-8000594,12/8/2022 10:19,12a80534-7714-11ed-8247-02d962f59f52,2
305-8000595,12/8/2022 10:19,12c4a7ca-7714-11ed-b135-02d962f59f52,2
200-1107911,12/8/2022 10:31,cfb75458-7715-11ed-819b-02d06230d2dc,2
210-8003208,12/8/2022 10:31,cfd4ca7e-7715-11ed-b60f-02d06230d2dc,2
220-1172529,12/8/2022 10:31,d02e1908-7715-11ed-803c-02d06230d2dc,2
220-8018275,12/8/2022 10:31,d04c135e-7715-11ed-ba8a-02d06230d2dc,2
230-1009504,12/8/2022 10:31,d06a44aa-7715-11ed-9048-02d06230d2dc,2
200-1107906,12/8/2022 10:46,ead40d38-7717-11ed-8873-02d06230d2dc,2
200-1107907,12/8/2022 10:46,eaf3efcc-7717-11ed-89d8-02d06230d2dc,2
200-1107910,12/8/2022 10:46,eb1349ee-7717-11ed-af11-02d06230d2dc,2
200-1107912,12/8/2022 10:46,eb32583e-7717-11ed-abd9-02d06230d2dc,2
200-1107913,12/8/2022 10:46,eb50724c-7717-11ed-b6ef-02d06230d2dc,2
220-1172526,12/8/2022 10:46,ec27880e-7717-11ed-8bb1-02d06230d2dc,2
220-1172530,12/8/2022 10:46,ec45beaa-7717-11ed-b7cb-02d06230d2dc,2
304-1011298,12/8/2022 10:46,ecdad2ec-7717-11ed-a899-02d06230d2dc,2
304-1011299,12/8/2022 10:46,ecf94f38-7717-11ed-882f-02d06230d2dc,2
304-1011300,12/8/2022 10:46,ed16d134-7717-11ed-914e-02d06230d2dc,2
220-1172514,12/8/2022 11:03,33df2b64-771a-11ed-b652-02d06230d2dc,2
220-1172527,12/8/2022 11:03,3404ab3c-771a-11ed-8905-02d06230d2dc,2
220-1172531,12/8/2022 11:03,3427d0bc-771a-11ed-81f2-02d06230d2dc,2
220-1172532,12/8/2022 11:03,3447b698-771a-11ed-9b94-02d06230d2dc,2
240-1003182,12/8/2022 11:03,3467a494-771a-11ed-95c4-02d06230d2dc,2
240-8000345,12/8/2022 11:03,3486e458-771a-11ed-a12f-02d06230d2dc,2
301-1013337,12/8/2022 11:03,34a5e826-771a-11ed-8199-02d06230d2dc,5
301-8000955,12/8/2022 11:03,34c82468-771a-11ed-9b4a-02d06230d2dc,2
302-1021100,12/8/2022 11:03,34ea7270-771a-11ed-a735-02d06230d2dc,2
305-1009765,12/8/2022 11:03,354b7cd2-771a-11ed-a1db-02d06230d2dc,2
305-1009768,12/8/2022 11:03,356ab228-771a-11ed-8a2b-02d06230d2dc,2
305-1009769,12/8/2022 11:03,358b2062-771a-11ed-b992-02d06230d2dc,2
220-1172513,12/8/2022 11:17,242e1e6c-771c-11ed-b93f-02d962f59f52,2
220-1172514,12/8/2022 11:17,244e65a0-771c-11ed-b13e-02d962f59f52,2
220-1172515,12/8/2022 11:17,246f8ea6-771c-11ed-b5a0-02d962f59f52,2
220-1172522,12/8/2022 11:17,2490f4e2-771c-11ed-9105-02d962f59f52,2
220-1172527,12/8/2022 11:17,24b2a114-771c-11ed-a9dc-02d962f59f52,2
220-1172528,12/8/2022 11:17,24d58094-771c-11ed-9b6a-02d962f59f52,2
220-1172533,12/8/2022 11:17,24f9212a-771c-11ed-b074-02d962f59f52,2
220-1172534,12/8/2022 11:17,2519fe18-771c-11ed-9979-02d962f59f52,2
301-8000955,12/8/2022 11:17,253ae330-771c-11ed-a17f-02d962f59f52,2
200-1107914,12/8/2022 11:31,3040f808-771e-11ed-ba63-02d962f59f52,2
220-1172507,12/8/2022 11:31,3172d3e0-771e-11ed-87d8-02d962f59f52,2
220-1172508,12/8/2022 11:31,31979c8e-771e-11ed-b8a7-02d962f59f52,2
220-1172512,12/8/2022 11:31,31ba86c2-771e-11ed-b9be-02d962f59f52,2
220-1172520,12/8/2022 11:31,31dda9f4-771e-11ed-9f3b-02d962f59f52,2
220-1172521,12/8/2022 11:31,31feee5c-771e-11ed-8c34-02d962f59f52,2
220-1172524,12/8/2022 11:31,32220090-771e-11ed-9a51-02d962f59f52,2
220-1172525,12/8/2022 11:31,32444060-771e-11ed-bfff-02d962f59f52,2
301-1013341,12/8/2022 11:31,328c81a4-771e-11ed-b627-02d962f59f52,2
302-1021103,12/8/2022 11:31,32af8348-771e-11ed-b583-02d962f59f52,2
200-1107915,12/8/2022 11:46,4cd945c2-7720-11ed-bde4-069eed229002,2
200-1107916,12/8/2022 11:46,4cfe5c9a-7720-11ed-be47-069eed229002,2
200-1107917,12/8/2022 11:46,4d224a6a-7720-11ed-8275-069eed229002,2
220-1172513,12/8/2022 11:46,4d679a16-7720-11ed-b72f-069eed229002,2
220-1172535,12/8/2022 11:46,4d8909a8-7720-11ed-85ca-069eed229002,2
260-1006854,12/8/2022 11:46,4dce472a-7720-11ed-849c-069eed229002,2
302-8000796,12/8/2022 11:46,4e577766-7720-11ed-8861-069eed229002,2
200-1107918,12/8/2022 12:01,68eb9d30-7722-11ed-830a-069eed229002,2
220-1172507,12/8/2022 12:01,697b9912-7722-11ed-8cbd-069eed229002,2
220-1172508,12/8/2022 12:01,69a0cb9c-7722-11ed-af4f-069eed229002,2
220-1172512,12/8/2022 12:01,69c4e13a-7722-11ed-bbaa-069eed229002,2
220-1172514,12/8/2022 12:01,69e83e8c-7722-11ed-8272-069eed229002,2
220-1172520,12/8/2022 12:01,6a09d254-7722-11ed-979f-069eed229002,2
220-1172521,12/8/2022 12:01,6a2c5afe-7722-11ed-a178-069eed229002,2
220-1172536,12/8/2022 12:01,6a50a512-7722-11ed-958c-069eed229002,2
220-1172537,12/8/2022 12:01,6a72c6c4-7722-11ed-bbf9-069eed229002,2
220-1172538,12/8/2022 12:01,6a97ef58-7722-11ed-93d8-069eed229002,2
220-1172539,12/8/2022 12:01,6abce7fe-7722-11ed-b5df-069eed229002,2
260-1006855,12/8/2022 12:01,6adff76c-7722-11ed-8a5a-069eed229002,2
260-1006856,12/8/2022 12:01,6b05c42e-7722-11ed-ade9-069eed229002,2
301-1013342,12/8/2022 12:01,6b27e5b8-7722-11ed-a455-069eed229002,2
302-1021103,12/8/2022 12:01,6b49f284-7722-11ed-bc15-069eed229002,2
302-8000796,12/8/2022 12:01,6b6c47ee-7722-11ed-acbe-069eed229002,2
306-1019454,12/8/2022 12:03,94ff3f8a-7722-11ed-aa1a-06156affe90a,2
306-1019455,12/8/2022 12:03,95224458-7722-11ed-8550-06156affe90a,2
306-1019456,12/8/2022 12:03,95448efa-7722-11ed-9bed-06156affe90a,2
306-1019457,12/8/2022 12:03,9567058e-7722-11ed-b02d-06156affe90a,2
306-1019458,12/8/2022 12:03,9589f21a-7722-11ed-bf30-06156affe90a,2
306-1019459,12/8/2022 12:03,95abdf06-7722-11ed-bb38-06156affe90a,2
306-1019460,12/8/2022 12:03,967fd86a-7722-11ed-950f-02d962f59f52,2
306-1019461,12/8/2022 12:03,9725e23c-7722-11ed-8788-02d962f59f52,2
306-1019462,12/8/2022 12:03,974981ce-7722-11ed-9339-02d962f59f52,2
306-1019463,12/8/2022 12:03,976d3bf0-7722-11ed-bf30-02d962f59f52,2
306-1019464,12/8/2022 12:03,97915ad0-7722-11ed-9f20-02d962f59f52,2
306-1019465,12/8/2022 12:03,97b5f30e-7722-11ed-b529-02d962f59f52,2
306-1019466,12/8/2022 12:03,97d9ec0a-7722-11ed-b070-02d962f59f52,2
306-1019467,12/8/2022 12:03,97fd5a28-7722-11ed-95ee-02d962f59f52,2
306-1019468,12/8/2022 12:03,9821ee24-7722-11ed-8774-02d962f59f52,2
306-1019469,12/8/2022 12:03,98456b9c-7722-11ed-8779-02d962f59f52,2
306-1019470,12/8/2022 12:03,98691df8-7722-11ed-8e92-02d962f59f52,2
306-1019471,12/8/2022 12:03,988dd6d4-7722-11ed-ad33-02d962f59f52,2
306-1019472,12/8/2022 12:03,98b36368-7722-11ed-99de-02d962f59f52,2
306-1019473,12/8/2022 12:03,98d78144-7722-11ed-a467-02d962f59f52,2
306-1019474,12/8/2022 12:03,98fac6fe-7722-11ed-9a7f-02d962f59f52,2
306-1019475,12/8/2022 12:03,991f7a12-7722-11ed-8a96-02d962f59f52,2
306-1019476,12/8/2022 12:03,9943c688-7722-11ed-b4d5-02d962f59f52,2
306-1019477,12/8/2022 12:03,996751ac-7722-11ed-909b-02d962f59f52,2
306-1019478,12/8/2022 12:03,998b7b54-7722-11ed-8e66-02d962f59f52,2
306-1019479,12/8/2022 12:03,99b027b0-7722-11ed-8d67-02d962f59f52,2
306-1019480,12/8/2022 12:03,99d50738-7722-11ed-ac39-02d962f59f52,2
306-1019481,12/8/2022 12:03,99f90200-7722-11ed-b789-02d962f59f52,2
306-1019482,12/8/2022 12:03,9a1d5074-7722-11ed-a749-02d962f59f52,2
306-8001096,12/8/2022 12:04,cd002aca-7722-11ed-b7e5-02d06230d2dc,2
210-1021915,12/8/2022 12:17,846d34b8-7724-11ed-85e5-02d06230d2dc,2
220-1172531,12/8/2022 12:17,84e675e4-7724-11ed-9993-02d06230d2dc,2
220-1172540,12/8/2022 12:17,8509f9a6-7724-11ed-a241-02d06230d2dc,2
220-1172541,12/8/2022 12:17,852f462a-7724-11ed-a5be-02d06230d2dc,2
230-1009505,12/8/2022 12:17,8553c7d4-7724-11ed-8061-02d06230d2dc,2
302-1021103,12/8/2022 12:17,8577ea38-7724-11ed-8909-02d06230d2dc,2
305-1009766,12/8/2022 12:17,859cbfa2-7724-11ed-8da5-02d06230d2dc,2
305-1009767,12/8/2022 12:17,85c04828-7724-11ed-98a2-02d06230d2dc,2
305-1009768,12/8/2022 12:17,85e37a28-7724-11ed-9310-02d06230d2dc,2
305-1009769,12/8/2022 12:17,86088160-7724-11ed-89a5-02d06230d2dc,2
306-8001096,12/8/2022 12:17,862bea2e-7724-11ed-ba72-02d06230d2dc,2
200-1107919,12/8/2022 12:32,a86d489c-7726-11ed-8ef1-06156affe90a,2
220-1172524,12/8/2022 12:32,a8dcc3d4-7726-11ed-b017-06156affe90a,2
220-1172542,12/8/2022 12:32,a9017daa-7726-11ed-b73b-06156affe90a,2
220-1172543,12/8/2022 12:32,a925bd1e-7726-11ed-851c-06156affe90a,2
220-1172544,12/8/2022 12:32,a94ed276-7726-11ed-a551-06156affe90a,2
220-1172545,12/8/2022 12:32,a9736b72-7726-11ed-b3ca-06156affe90a,2
301-1013343,12/8/2022 12:32,a9e3631e-7726-11ed-921e-06156affe90a,2
304-1011301,12/8/2022 12:32,aa07ca1a-7726-11ed-bd98-06156affe90a,2
305-1009769,12/8/2022 12:32,aa2c9142-7726-11ed-bf72-06156affe90a,2
306-1019482,12/8/2022 12:32,aa53d446-7726-11ed-adc9-06156affe90a,2
220-1172511,12/8/2022 12:47,c07ed3ea-7728-11ed-8647-069eed229002,2
220-1172525,12/8/2022 12:47,c0a36796-7728-11ed-b426-069eed229002,2
220-1172539,12/8/2022 12:47,c0c9672a-7728-11ed-97fe-069eed229002,2
220-1172540,12/8/2022 12:47,c0ed168e-7728-11ed-9143-069eed229002,2
301-1013338,12/8/2022 12:47,c1cef004-7728-11ed-9c46-069eed229002,2
302-1021100,12/8/2022 12:47,c390c14c-7728-11ed-b897-069eed229002,2
302-1021103,12/8/2022 12:47,c3b92484-7728-11ed-b6d2-069eed229002,2
303-1012368,12/8/2022 12:47,c429644c-7728-11ed-aaf4-069eed229002,2
304-1011294,12/8/2022 12:47,c50b79fe-7728-11ed-85e0-069eed229002,2
304-1011296,12/8/2022 12:47,c5c6ceac-7728-11ed-a65b-069eed229002,2
304-1011297,12/8/2022 12:47,c5eeb764-7728-11ed-bcf4-069eed229002,2
306-1019476,12/8/2022 12:47,c71e2a5c-7728-11ed-b031-069eed229002,2
306-1019482,12/8/2022 12:47,c742d2da-7728-11ed-a3a6-069eed229002,2
308-1007641,12/8/2022 12:48,f7349a50-7728-11ed-bd9c-06156affe90a,2
308-1007642,12/8/2022 12:48,f75b80de-7728-11ed-8568-06156affe90a,2
308-1007643,12/8/2022 12:48,f77f3c9a-7728-11ed-ac70-06156affe90a,2
308-1007644,12/8/2022 12:48,f7ab18ce-7728-11ed-a126-06156affe90a,2
308-1007645,12/8/2022 12:48,f7d1b52e-7728-11ed-8dc4-06156affe90a,2
308-1007646,12/8/2022 12:48,f7f8ffee-7728-11ed-b09f-06156affe90a,2
308-1007647,12/8/2022 12:48,f8240676-7728-11ed-a0b7-06156affe90a,2
308-1007648,12/8/2022 12:48,f84d0abc-7728-11ed-86d0-06156affe90a,2
308-1007649,12/8/2022 12:48,f8764940-7728-11ed-ac85-06156affe90a,2
308-1007650,12/8/2022 12:48,f89ff8bc-7728-11ed-b627-06156affe90a,2
308-1007651,12/8/2022 12:48,f8c7b398-7728-11ed-b70a-06156affe90a,2
308-1007652,12/8/2022 12:48,f8eee3be-7728-11ed-bc4b-06156affe90a,2
308-1007653,12/8/2022 12:48,f913e646-7728-11ed-80c4-06156affe90a,2
308-1007654,12/8/2022 12:48,f938b1b0-7728-11ed-97ec-06156affe90a,2
308-1007655,12/8/2022 12:48,f95d7db0-7728-11ed-b35a-06156affe90a,2
308-1007656,12/8/2022 12:48,f9825658-7728-11ed-a0ac-06156affe90a,2
308-1007657,12/8/2022 12:48,f9a86046-7728-11ed-a04e-06156affe90a,2
308-1007658,12/8/2022 12:48,f9cd9352-7728-11ed-9e48-06156affe90a,2
308-1007659,12/8/2022 12:48,f9f2f5a2-7728-11ed-9cde-06156affe90a,2
308-8000500,12/8/2022 12:49,158f83de-7729-11ed-a3d2-02d962f59f52,2
308-8000501,12/8/2022 12:49,15b80980-7729-11ed-833e-02d962f59f52,2
200-1107920,12/8/2022 13:02,d036bc92-772a-11ed-ab2d-02d962f59f52,2
200-1107921,12/8/2022 13:02,d05f59c2-772a-11ed-a7ac-02d962f59f52,2
220-1172527,12/8/2022 13:02,d1c4dbe8-772a-11ed-91f8-02d962f59f52,5
220-1172528,12/8/2022 13:02,d1ec18ac-772a-11ed-83af-02d962f59f52,2
220-1172540,12/8/2022 13:02,d2133e14-772a-11ed-a0be-02d962f59f52,2
220-1172546,12/8/2022 13:02,d23a1638-772a-11ed-81e8-02d962f59f52,2
200-1107922,12/8/2022 13:16,dd21f334-772c-11ed-b3bd-069eed229002,2
210-8003209,12/8/2022 13:16,dd6fef1c-772c-11ed-b0ae-069eed229002,2
220-1172527,12/8/2022 13:16,de0aff52-772c-11ed-bee9-069eed229002,5
220-1172532,12/8/2022 13:16,de315e5e-772c-11ed-aafb-069eed229002,2
220-1172536,12/8/2022 13:16,de57aa8c-772c-11ed-9d1e-069eed229002,2
260-1006813,12/8/2022 13:16,df3df730-772c-11ed-aaae-069eed229002,2
305-1009770,12/8/2022 13:16,df89c4a8-772c-11ed-a4aa-069eed229002,2
305-1009771,12/8/2022 13:16,dfaf3e90-772c-11ed-a977-069eed229002,2
306-1019479,12/8/2022 13:16,dfd51cfa-772c-11ed-bad4-069eed229002,2
310-1003640,12/8/2022 13:18,2b674f58-772d-11ed-8263-02d962f59f52,2
310-1003641,12/8/2022 13:18,2b8feb02-772d-11ed-9b98-02d962f59f52,2
310-1003642,12/8/2022 13:18,2bb8c888-772d-11ed-8555-02d962f59f52,2
310-1003643,12/8/2022 13:18,2be2df74-772d-11ed-b7b0-02d962f59f52,2
310-1003644,12/8/2022 13:18,2c0b9892-772d-11ed-8584-02d962f59f52,2
310-1003645,12/8/2022 13:18,2c340232-772d-11ed-a183-02d962f59f52,2
310-1003646,12/8/2022 13:18,2c5b71b4-772d-11ed-a701-02d962f59f52,2
310-1003647,12/8/2022 13:18,2c841196-772d-11ed-baaa-02d962f59f52,2
310-1003648,12/8/2022 13:18,2cad53ee-772d-11ed-b6ed-02d962f59f52,2
310-1003649,12/8/2022 13:18,2cd71ea4-772d-11ed-820e-02d962f59f52,2
310-1003650,12/8/2022 13:18,2d014030-772d-11ed-9bb3-02d962f59f52,2
310-8000311,12/8/2022 13:19,4610992c-772d-11ed-8d95-02d962f59f52,2
310-8000312,12/8/2022 13:19,463a03d4-772d-11ed-a089-02d962f59f52,2
310-8000313,12/8/2022 13:19,4662041a-772d-11ed-94fe-02d962f59f52,2
310-8000314,12/8/2022 13:19,4689acd6-772d-11ed-9ff6-02d962f59f52,2
310-8000315,12/8/2022 13:19,46b2e6f0-772d-11ed-8502-02d962f59f52,2
310-8000316,12/8/2022 13:19,46dad958-772d-11ed-8c1b-02d962f59f52,2
200-1107913,12/8/2022 13:31,f9418d20-772e-11ed-98cc-02d962f59f52,2
200-1107915,12/8/2022 13:31,f96a71ae-772e-11ed-b4c8-02d962f59f52,2
200-1107916,12/8/2022 13:31,f9940e60-772e-11ed-a7da-02d962f59f52,2
200-1107917,12/8/2022 13:31,f9bdbeb8-772e-11ed-955b-02d962f59f52,2
200-1107918,12/8/2022 13:31,f9e6841a-772e-11ed-a2e0-02d962f59f52,2
200-1107920,12/8/2022 13:31,fa0fa02a-772e-11ed-9a20-02d962f59f52,2
200-1107921,12/8/2022 13:31,fa38d58a-772e-11ed-b743-02d962f59f52,2
200-1107923,12/8/2022 13:31,fa61c3a0-772e-11ed-9d30-02d962f59f52,2
210-8003210,12/8/2022 13:31,fa8acc3c-772e-11ed-8597-02d962f59f52,2
220-1172533,12/8/2022 13:31,fbfe1db2-772e-11ed-bf0e-02d962f59f52,2
220-1172536,12/8/2022 13:31,fc266da8-772e-11ed-a8ec-02d962f59f52,2
220-1172537,12/8/2022 13:31,fc4f10dc-772e-11ed-a0f7-02d962f59f52,2
220-1172541,12/8/2022 13:31,fc77ba5a-772e-11ed-a9ca-02d962f59f52,2
220-1172542,12/8/2022 13:31,fc9febd8-772e-11ed-bbf1-02d962f59f52,2
220-1172543,12/8/2022 13:31,fcca722c-772e-11ed-8151-02d962f59f52,2
220-1172544,12/8/2022 13:31,fcf742fc-772e-11ed-91ec-02d962f59f52,2
220-1172545,12/8/2022 13:31,fd211b36-772e-11ed-889d-02d962f59f52,2
220-1172547,12/8/2022 13:31,fd49a0d8-772e-11ed-b1c8-02d962f59f52,2
220-1172548,12/8/2022 13:31,fd72951a-772e-11ed-b7fa-02d962f59f52,2
220-8018276,12/8/2022 13:31,fd9b2dfe-772e-11ed-978b-02d962f59f52,2
260-1006817,12/8/2022 13:31,fe66192e-772e-11ed-a3f7-02d962f59f52,2
260-1006818,12/8/2022 13:31,fe8ed18e-772e-11ed-b362-02d962f59f52,2
260-1006828,12/8/2022 13:31,feb7358e-772e-11ed-831c-02d962f59f52,2
260-1006831,12/8/2022 13:31,fee1436a-772e-11ed-8cf6-02d962f59f52,2
260-1006838,12/8/2022 13:31,ff0a1a38-772e-11ed-9965-02d962f59f52,2
305-1009770,12/8/2022 13:31,ffffe468-772e-11ed-b889-02d962f59f52,2
305-1009771,12/8/2022 13:31,002755f2-772f-11ed-8bfa-02d962f59f52,2
200-1107908,12/8/2022 13:46,1344f368-7731-11ed-8608-06156affe90a,2
200-1107912,12/8/2022 13:46,136d2216-7731-11ed-9712-06156affe90a,2
200-1107913,12/8/2022 13:46,13955902-7731-11ed-b29d-06156affe90a,2
200-1107919,12/8/2022 13:46,13bccc9e-7731-11ed-8a99-06156affe90a,2
210-1021916,12/8/2022 13:46,14fe2ad0-7731-11ed-a9ec-06156affe90a,2
210-8003211,12/8/2022 13:46,15260258-7731-11ed-b2b6-06156affe90a,2
220-1172522,12/8/2022 13:46,15edc3ec-7731-11ed-8bca-06156affe90a,2
220-1172549,12/8/2022 13:46,161653ca-7731-11ed-9806-06156affe90a,2
220-1172550,12/8/2022 13:46,163ea2c6-7731-11ed-91ba-06156affe90a,2
220-1172551,12/8/2022 13:46,16674122-7731-11ed-a400-06156affe90a,2
220-1172552,12/8/2022 13:46,168fb576-7731-11ed-bcf9-06156affe90a,2
220-1172553,12/8/2022 13:46,16b77660-7731-11ed-bebf-06156affe90a,2
220-1172554,12/8/2022 13:46,16dea6fe-7731-11ed-9872-06156affe90a,2
220-1172555,12/8/2022 13:46,17068886-7731-11ed-ba30-06156affe90a,2
220-1172556,12/8/2022 13:46,1732614a-7731-11ed-9240-06156affe90a,2
220-8018277,12/8/2022 13:46,175a2ebe-7731-11ed-b69f-06156affe90a,2
230-1009503,12/8/2022 13:46,17ab1130-7731-11ed-bdab-06156affe90a,2
230-1009504,12/8/2022 13:46,17d35c6c-7731-11ed-98c5-06156affe90a,2
230-1009505,12/8/2022 13:46,17fa9f34-7731-11ed-8c86-06156affe90a,2
230-1009506,12/8/2022 13:46,18227bda-7731-11ed-bf54-06156affe90a,2
260-1006838,12/8/2022 13:46,184b440c-7731-11ed-b2dd-06156affe90a,2
260-1006851,12/8/2022 13:46,18726078-7731-11ed-b0af-06156affe90a,2
305-1009772,12/8/2022 13:46,19121190-7731-11ed-ace3-06156affe90a,2
311-1003308,12/8/2022 13:49,798d8d74-7731-11ed-96c8-02d06230d2dc,2
311-1003309,12/8/2022 13:49,7a5841b8-7731-11ed-b5c7-069eed229002,2
311-1003310,12/8/2022 13:49,7a86b2a0-7731-11ed-a611-069eed229002,2
311-1003311,12/8/2022 13:49,7aafb1d2-7731-11ed-83f8-069eed229002,2
311-1003312,12/8/2022 13:49,7ad7c4f6-7731-11ed-9bc7-069eed229002,2
311-1003313,12/8/2022 13:49,7b0159d8-7731-11ed-8610-069eed229002,2
311-1003314,12/8/2022 13:49,7b2e3f5c-7731-11ed-b593-069eed229002,2
311-1003315,12/8/2022 13:49,7b5908ea-7731-11ed-b661-069eed229002,2
311-1003316,12/8/2022 13:49,7b840d9c-7731-11ed-b902-069eed229002,2
311-8000163,12/8/2022 13:50,90ed3f5a-7731-11ed-aaa2-06156affe90a,2
311-8000164,12/8/2022 13:50,91154cfc-7731-11ed-b736-06156affe90a,2
311-8000165,12/8/2022 13:50,913e052a-7731-11ed-8176-06156affe90a,2
200-1107924,12/8/2022 14:02,43a81484-7733-11ed-a7df-02d962f59f52,2
200-1107925,12/8/2022 14:02,43d7c47c-7733-11ed-953d-02d962f59f52,2
200-8013534,12/8/2022 14:02,4401bb74-7733-11ed-a63a-02d962f59f52,2
210-8003211,12/8/2022 14:02,4455e212-7733-11ed-924e-02d962f59f52,2
220-1172556,12/8/2022 14:02,49f08a60-7733-11ed-ac3a-02d962f59f52,2
220-1172557,12/8/2022 14:02,4a1a7d84-7733-11ed-91ce-02d962f59f52,2
220-1172558,12/8/2022 14:02,4a44c7f6-7733-11ed-878a-02d962f59f52,2
220-1172559,12/8/2022 14:02,4a704aa2-7733-11ed-b723-02d962f59f52,2
220-8018278,12/8/2022 14:02,4a9b329e-7733-11ed-b96b-02d962f59f52,2
304-1011301,12/8/2022 14:02,4cd143e6-7733-11ed-8fee-02d962f59f52,2
305-1009772,12/8/2022 14:02,4cff5b50-7733-11ed-82ef-02d962f59f52,2
305-1009773,12/8/2022 14:02,4d2a19ee-7733-11ed-8fbb-02d962f59f52,2
305-1009774,12/8/2022 14:02,4d549412-7733-11ed-a6dc-02d962f59f52,2
200-1107926,12/8/2022 14:16,4640b29e-7735-11ed-8cc4-06156affe90a,2
200-1107927,12/8/2022 14:16,466f785e-7735-11ed-ba5c-06156affe90a,2
200-1107928,12/8/2022 14:16,469f0d44-7735-11ed-86ff-06156affe90a,2
210-1021917,12/8/2022 14:16,46d09670-7735-11ed-ab44-06156affe90a,2
220-1172560,12/8/2022 14:16,48caa02e-7735-11ed-a195-06156affe90a,2
220-1172561,12/8/2022 14:16,48f7d31e-7735-11ed-82b4-06156affe90a,2
260-1006813,12/8/2022 14:16,4a355bca-7735-11ed-a87d-06156affe90a,2
260-1006817,12/8/2022 14:16,4a63db76-7735-11ed-ba3e-06156affe90a,2
260-1006818,12/8/2022 14:16,4a93b79c-7735-11ed-8525-06156affe90a,2
304-1011302,12/8/2022 14:17,4ec51a36-7735-11ed-afb9-06156affe90a,2
305-1009774,12/8/2022 14:17,4ef2adde-7735-11ed-8309-06156affe90a,2
308-1007660,12/8/2022 14:17,4f1ff398-7735-11ed-a33e-06156affe90a,2
308-1007661,12/8/2022 14:17,4f4cc904-7735-11ed-941b-06156affe90a,2
311-1003317,12/8/2022 14:17,4fa9674a-7735-11ed-8684-06156affe90a,2
200-1107919,12/8/2022 14:31,5a68827c-7737-11ed-9fc9-069eed229002,2
200-1107923,12/8/2022 14:31,5a952a02-7737-11ed-a47f-069eed229002,2
200-1107925,12/8/2022 14:31,5ac2dd44-7737-11ed-97e1-069eed229002,2
200-1107928,12/8/2022 14:31,5af333fe-7737-11ed-b67d-069eed229002,2
200-1107929,12/8/2022 14:31,5b1fa1a0-7737-11ed-a7f0-069eed229002,2
200-8013535,12/8/2022 14:31,5b4f05d0-7737-11ed-aee4-069eed229002,2
210-1021916,12/8/2022 14:31,5bae9194-7737-11ed-be34-069eed229002,2
210-1021917,12/8/2022 14:31,5bddfb8c-7737-11ed-ac83-069eed229002,2
220-1172517,12/8/2022 14:31,5ce43618-7737-11ed-9c53-069eed229002,2
220-1172546,12/8/2022 14:31,5d1598e8-7737-11ed-a43c-069eed229002,2
220-1172551,12/8/2022 14:31,5d443824-7737-11ed-8c78-069eed229002,2
220-1172552,12/8/2022 14:31,5d74c8ea-7737-11ed-ae42-069eed229002,2
220-1172553,12/8/2022 14:31,5da3dc0c-7737-11ed-bc37-069eed229002,2
220-1172554,12/8/2022 14:31,5dd2f78a-7737-11ed-b580-069eed229002,2
220-1172555,12/8/2022 14:31,5e02b696-7737-11ed-9a72-069eed229002,2
220-1172559,12/8/2022 14:31,5e2e5ae4-7737-11ed-9f07-069eed229002,2
220-1172561,12/8/2022 14:31,5e5c9738-7737-11ed-a49a-069eed229002,2
220-1172562,12/8/2022 14:31,5e8c025c-7737-11ed-bf78-069eed229002,2
220-1172563,12/8/2022 14:31,5eb90964-7737-11ed-928c-069eed229002,2
230-1009503,12/8/2022 14:31,5fb2767a-7737-11ed-b539-069eed229002,2
230-1009504,12/8/2022 14:31,5fe4d638-7737-11ed-9351-069eed229002,2
230-1009505,12/8/2022 14:31,60153bf2-7737-11ed-90c8-069eed229002,2
230-1009506,12/8/2022 14:31,6045ff80-7737-11ed-8f15-069eed229002,2
260-1006828,12/8/2022 14:31,607604c8-7737-11ed-9e6d-069eed229002,2
260-1006831,12/8/2022 14:31,60a5b420-7737-11ed-921a-069eed229002,2
260-1006838,12/8/2022 14:31,60d4f9ec-7737-11ed-8673-069eed229002,2
260-1006851,12/8/2022 14:31,6104f3c2-7737-11ed-8f75-069eed229002,2
301-1013343,12/8/2022 14:31,61362dd4-7737-11ed-8ece-069eed229002,2
301-1013344,12/8/2022 14:31,6164e8fe-7737-11ed-8639-069eed229002,2
304-1011302,12/8/2022 14:31,61f6fa82-7737-11ed-a026-069eed229002,2
310-1003651,12/8/2022 14:31,622877d8-7737-11ed-bd22-069eed229002,2
311-1003317,12/8/2022 14:31,62583fea-7737-11ed-ba50-069eed229002,2
312-1005243,12/8/2022 14:32,80a35692-7737-11ed-9135-069eed229002,2
312-1005244,12/8/2022 14:32,80d1bff0-7737-11ed-93d4-069eed229002,2
312-1005245,12/8/2022 14:32,80fdeefe-7737-11ed-a55e-069eed229002,2
312-1005246,12/8/2022 14:32,8129fa9e-7737-11ed-85cc-069eed229002,2
312-1005247,12/8/2022 14:32,81ffdd94-7737-11ed-acd9-02d962f59f52,2
312-1005248,12/8/2022 14:32,8232e81a-7737-11ed-a3e9-02d962f59f52,2
312-1005249,12/8/2022 14:32,82607730-7737-11ed-93e7-02d962f59f52,2
312-1005250,12/8/2022 14:32,828e2eb4-7737-11ed-b443-02d962f59f52,2
312-1005251,12/8/2022 14:32,82bc5014-7737-11ed-83b5-02d962f59f52,2
312-1005252,12/8/2022 14:32,82e96ee6-7737-11ed-a16e-02d962f59f52,2
312-1005253,12/8/2022 14:32,83194d00-7737-11ed-96b7-02d962f59f52,2
312-1005254,12/8/2022 14:32,8348fd70-7737-11ed-9b49-02d962f59f52,2
200-1107922,12/8/2022 14:46,720e801e-7739-11ed-b4c6-02d06230d2dc,2
200-1107923,12/8/2022 14:46,724448ca-7739-11ed-a3e4-02d06230d2dc,2
200-1107927,12/8/2022 14:46,7271be18-7739-11ed-8d4f-02d06230d2dc,2
200-1107930,12/8/2022 14:46,72a2b23e-7739-11ed-8f12-02d06230d2dc,2
210-1021916,12/8/2022 14:46,72d7b3d0-7739-11ed-9273-02d06230d2dc,2
210-1021918,12/8/2022 14:46,73077cc8-7739-11ed-8fef-02d06230d2dc,2
220-1172519,12/8/2022 14:46,73faf3d0-7739-11ed-b639-02d06230d2dc,2
220-1172523,12/8/2022 14:46,742b3fea-7739-11ed-a04e-02d06230d2dc,2
220-1172532,12/8/2022 14:46,745a3c0a-7739-11ed-a572-02d06230d2dc,2
220-1172533,12/8/2022 14:46,748a04c6-7739-11ed-95ed-02d06230d2dc,2
220-1172536,12/8/2022 14:46,74b8dd6e-7739-11ed-8736-02d06230d2dc,2
220-1172538,12/8/2022 14:46,74e82de4-7739-11ed-bcdd-02d06230d2dc,2
220-1172541,12/8/2022 14:46,7519bf1c-7739-11ed-a5ed-02d06230d2dc,2
220-1172542,12/8/2022 14:46,7548ceec-7739-11ed-a660-02d06230d2dc,2
220-1172547,12/8/2022 14:46,75787002-7739-11ed-b6db-02d06230d2dc,2
220-1172558,12/8/2022 14:46,75a950aa-7739-11ed-8669-02d06230d2dc,2
220-1172563,12/8/2022 14:46,75d829ac-7739-11ed-8ed7-02d06230d2dc,2
220-8018279,12/8/2022 14:46,7606af98-7739-11ed-a2c6-02d06230d2dc,2
260-1006857,12/8/2022 14:46,76681094-7739-11ed-a092-02d06230d2dc,2
301-1013340,12/8/2022 14:46,76965710-7739-11ed-a655-02d06230d2dc,2
301-1013341,12/8/2022 14:46,76c726b0-7739-11ed-a2d4-02d06230d2dc,2
301-1013343,12/8/2022 14:46,76f89b0a-7739-11ed-ae5d-02d06230d2dc,2
308-1007660,12/8/2022 14:46,778bc0a6-7739-11ed-93ed-02d06230d2dc,2
311-1003315,12/8/2022 14:46,77be96d4-7739-11ed-89ba-02d06230d2dc,2
312-1005254,12/8/2022 14:46,77edd520-7739-11ed-8630-02d06230d2dc,2
312-1005255,12/8/2022 14:46,781f0b7c-7739-11ed-b883-02d06230d2dc,2
313-1001130,12/8/2022 14:49,dac04a20-7739-11ed-b7a2-02d06230d2dc,2
313-1001131,12/8/2022 14:49,daee1a9a-7739-11ed-a3af-02d06230d2dc,2
200-1107925,12/8/2022 15:01,851f4b32-773b-11ed-9172-06156affe90a,2
200-1107931,12/8/2022 15:01,854ffc6e-773b-11ed-99b9-06156affe90a,2
200-1107932,12/8/2022 15:01,857f6936-773b-11ed-abf6-06156affe90a,2
200-1107933,12/8/2022 15:01,85afe1ce-773b-11ed-8544-06156affe90a,2
200-8013536,12/8/2022 15:01,85e05fa2-773b-11ed-8380-06156affe90a,2
210-1021918,12/8/2022 15:01,860ce37e-773b-11ed-9b95-06156affe90a,2
210-1021919,12/8/2022 15:01,8639e4a0-773b-11ed-8f0d-06156affe90a,2
210-1021920,12/8/2022 15:01,86665526-773b-11ed-a375-06156affe90a,2
210-1021921,12/8/2022 15:01,8693ea36-773b-11ed-b7ba-06156affe90a,2
210-8003212,12/8/2022 15:01,86c13fe0-773b-11ed-8bda-06156affe90a,2
220-1172542,12/8/2022 15:01,87ae89f8-773b-11ed-8292-06156affe90a,2
220-1172545,12/8/2022 15:01,87e630ba-773b-11ed-aeae-06156affe90a,2
220-1172550,12/8/2022 15:01,88144dba-773b-11ed-b33a-06156affe90a,2
220-1172562,12/8/2022 15:01,88429bca-773b-11ed-92fa-06156affe90a,2
220-1172564,12/8/2022 15:01,886f4738-773b-11ed-800a-06156affe90a,2
220-1172565,12/8/2022 15:01,889c64a2-773b-11ed-87b3-06156affe90a,2
220-1172566,12/8/2022 15:01,88ca2342-773b-11ed-8029-06156affe90a,2
306-1019479,12/8/2022 15:01,89569f7a-773b-11ed-8289-06156affe90a,2
310-1003652,12/8/2022 15:01,8985d3ee-773b-11ed-980b-06156affe90a,2
312-1005256,12/8/2022 15:01,8a44ecac-773b-11ed-8891-06156affe90a,2
314-1000957,12/8/2022 15:05,fcaf3cac-773b-11ed-b017-02d06230d2dc,2
314-1000958,12/8/2022 15:05,fcdd4a52-773b-11ed-91a7-02d06230d2dc,2
314-1000959,12/8/2022 15:05,fd0e5e9e-773b-11ed-a03a-02d06230d2dc,2
314-1000960,12/8/2022 15:05,fd3cd3c8-773b-11ed-b320-02d06230d2dc,2
314-1000961,12/8/2022 15:05,fd69decc-773b-11ed-b312-02d06230d2dc,2
314-1000962,12/8/2022 15:05,fd97d5a2-773b-11ed-8ae7-02d06230d2dc,2
314-1000963,12/8/2022 15:05,fdc694e6-773b-11ed-901f-02d06230d2dc,2
314-8000023,12/8/2022 15:05,01eb267c-773c-11ed-8d3a-02d06230d2dc,2
314-8000024,12/8/2022 15:05,02185584-773c-11ed-a2d6-02d06230d2dc,2
200-1107934,12/8/2022 15:15,818d2dac-773d-11ed-9ce6-02d06230d2dc,2
210-1021920,12/8/2022 15:15,821bbd56-773d-11ed-84d2-02d06230d2dc,2
210-1021922,12/8/2022 15:15,824ac95c-773d-11ed-8f2a-02d06230d2dc,2
210-1021923,12/8/2022 15:15,827a501e-773d-11ed-b6a3-02d06230d2dc,2
210-8003212,12/8/2022 15:15,82ac8ff2-773d-11ed-92e4-02d06230d2dc,2
220-1172562,12/8/2022 15:15,85537d7e-773d-11ed-9c62-02d06230d2dc,2
220-1172563,12/8/2022 15:15,8583f01c-773d-11ed-94d5-02d06230d2dc,2
220-1172564,12/8/2022 15:15,85b32468-773d-11ed-bab5-02d06230d2dc,2
220-1172567,12/8/2022 15:15,85e27d3a-773d-11ed-8850-02d06230d2dc,2
220-1172568,12/8/2022 15:15,8610d1a8-773d-11ed-8d19-02d06230d2dc,2
220-1172569,12/8/2022 15:15,863ec108-773d-11ed-96a7-02d06230d2dc,2
220-1172570,12/8/2022 15:15,866ecbd2-773d-11ed-ac44-02d06230d2dc,2
220-1172571,12/8/2022 15:15,869da07e-773d-11ed-8406-02d06230d2dc,2
220-8018280,12/8/2022 15:15,8729ae8e-773d-11ed-9cb0-02d06230d2dc,2
250-1004327,12/8/2022 15:16,882e75d0-773d-11ed-be07-02d06230d2dc,2
260-1006858,12/8/2022 15:16,88910d8a-773d-11ed-95ce-02d06230d2dc,2
260-1006859,12/8/2022 15:16,88bfadac-773d-11ed-a4e5-02d06230d2dc,2
301-1013341,12/8/2022 15:16,88eefbd4-773d-11ed-8547-02d06230d2dc,2
301-1013342,12/8/2022 15:16,891cbe34-773d-11ed-bf09-02d06230d2dc,2
306-1019479,12/8/2022 15:16,894bdec6-773d-11ed-aaf2-02d06230d2dc,2
314-1000963,12/8/2022 15:16,89ac1fb6-773d-11ed-8fcf-02d06230d2dc,2
200-1107927,12/8/2022 15:30,9080d9d8-773f-11ed-aba8-02d962f59f52,2
200-1107929,12/8/2022 15:30,90b0d890-773f-11ed-a805-02d962f59f52,2
200-1107933,12/8/2022 15:30,90e097b0-773f-11ed-bcf4-02d962f59f52,2
210-1021923,12/8/2022 15:30,91400e2a-773f-11ed-ae9b-02d962f59f52,2
210-1021924,12/8/2022 15:30,916f5658-773f-11ed-ac01-02d962f59f52,2
210-1021925,12/8/2022 15:30,919f1a96-773f-11ed-9f09-02d962f59f52,2
210-1021926,12/8/2022 15:30,91cdcf30-773f-11ed-873f-02d962f59f52,2
210-1021927,12/8/2022 15:30,91fe4048-773f-11ed-a77f-02d962f59f52,2
220-1172564,12/8/2022 15:30,92ed17a4-773f-11ed-ab3c-02d962f59f52,2
220-1172565,12/8/2022 15:30,931d6ac6-773f-11ed-998e-02d962f59f52,2
220-1172571,12/8/2022 15:30,934c2136-773f-11ed-b465-02d962f59f52,2
220-1172572,12/8/2022 15:30,937c291c-773f-11ed-a38b-02d962f59f52,2
250-1004328,12/8/2022 15:30,93abc9b0-773f-11ed-aec1-02d962f59f52,2
250-1004329,12/8/2022 15:30,93db962c-773f-11ed-a0cf-02d962f59f52,2
250-8001372,12/8/2022 15:30,940bb37a-773f-11ed-8dd1-02d962f59f52,2
260-1006860,12/8/2022 15:30,943ad100-773f-11ed-9568-02d962f59f52,2
260-8001134,12/8/2022 15:30,946a650a-773f-11ed-9a29-02d962f59f52,2
306-1019466,12/8/2022 15:30,949a4400-773f-11ed-bed9-02d962f59f52,2
306-1019470,12/8/2022 15:30,94cae1f0-773f-11ed-b2a9-02d962f59f52,2
200-1107933,12/8/2022 15:45,ad0a8f16-7741-11ed-ad07-02d06230d2dc,5
200-1107935,12/8/2022 15:45,ad3db184-7741-11ed-b500-02d06230d2dc,2
200-1107936,12/8/2022 15:45,ad6e0faa-7741-11ed-bb7c-02d06230d2dc,2
200-8013537,12/8/2022 15:45,ad9ceb04-7741-11ed-812d-02d06230d2dc,2
210-1021926,12/8/2022 15:45,adcb2ab4-7741-11ed-a062-02d06230d2dc,2
210-1021928,12/8/2022 15:45,adfc3a8c-7741-11ed-a8ad-02d06230d2dc,2
210-1021929,12/8/2022 15:45,ae307d74-7741-11ed-9ea3-02d06230d2dc,2
220-1172572,12/8/2022 15:45,ae994d40-7741-11ed-b317-02d06230d2dc,2
240-1003183,12/8/2022 15:45,aec80ce8-7741-11ed-aaa5-02d06230d2dc,2
250-1004330,12/8/2022 15:45,aef61890-7741-11ed-88d4-02d06230d2dc,2
250-8001373,12/8/2022 15:45,af256226-7741-11ed-b7b5-02d06230d2dc,2
301-8000956,12/8/2022 15:45,af5369c8-7741-11ed-8dda-02d06230d2dc,2
302-1021104,12/8/2022 15:45,af8f3304-7741-11ed-b52f-02d06230d2dc,2
306-1019468,12/8/2022 15:45,afc446c0-7741-11ed-888a-02d06230d2dc,2
306-1019470,12/8/2022 15:45,aff3c99a-7741-11ed-9232-02d06230d2dc,2
312-1005255,12/8/2022 15:45,b022cfd8-7741-11ed-a1c6-02d06230d2dc,2
200-1107937,12/8/2022 16:00,c557b880-7743-11ed-aa17-02d962f59f52,2
210-1021929,12/8/2022 16:00,c5b64a08-7743-11ed-80e6-02d962f59f52,2
220-1172517,12/8/2022 16:00,c646f85a-7743-11ed-b960-02d962f59f52,2
220-1172523,12/8/2022 16:00,c676b18a-7743-11ed-9997-02d962f59f52,2
220-1172538,12/8/2022 16:00,c6aee8ac-7743-11ed-a944-02d962f59f52,2
220-1172554,12/8/2022 16:00,c6dfcf62-7743-11ed-8516-02d962f59f52,2
220-1172557,12/8/2022 16:00,c71703ec-7743-11ed-bb8b-02d962f59f52,2
220-1172568,12/8/2022 16:00,c7486900-7743-11ed-9b39-02d962f59f52,2
220-1172570,12/8/2022 16:00,c77e917e-7743-11ed-bd4d-02d962f59f52,2
220-1172573,12/8/2022 16:00,c7b539f4-7743-11ed-9107-02d962f59f52,2
220-1172574,12/8/2022 16:00,c7e38ee4-7743-11ed-ac79-02d962f59f52,2
220-1172575,12/8/2022 16:00,c811d8da-7743-11ed-9758-02d962f59f52,2
220-1172576,12/8/2022 16:00,c840c816-7743-11ed-8c9e-02d962f59f52,2
250-1004331,12/8/2022 16:00,c98cb09a-7743-11ed-b631-02d962f59f52,2
250-8001374,12/8/2022 16:00,c9bd6a3c-7743-11ed-b005-02d962f59f52,2
260-1006861,12/8/2022 16:00,c9ebc2ec-7743-11ed-86b1-02d962f59f52,2
301-8000956,12/8/2022 16:00,ca1983e4-7743-11ed-9e7e-02d962f59f52,2
301-8000957,12/8/2022 16:00,ca488608-7743-11ed-8a54-02d962f59f52,2
301-8000958,12/8/2022 16:00,ca76fdda-7743-11ed-aafd-02d962f59f52,2
302-1021105,12/8/2022 16:00,caa5b9d6-7743-11ed-be2e-02d962f59f52,2
312-1005257,12/8/2022 16:00,cadac8ce-7743-11ed-9395-02d962f59f52,2
200-1107938,12/8/2022 16:15,dcdb72ba-7745-11ed-a3df-06156affe90a,2
200-1107939,12/8/2022 16:15,dd0fb7c8-7745-11ed-a211-06156affe90a,2
200-8013538,12/8/2022 16:15,dd472f96-7745-11ed-84ea-06156affe90a,2
220-1172519,12/8/2022 16:15,e020bd04-7745-11ed-8cef-06156affe90a,2
220-1172546,12/8/2022 16:15,e0533f40-7745-11ed-b99b-06156affe90a,2
220-1172551,12/8/2022 16:15,e0855a2a-7745-11ed-862b-06156affe90a,2
220-1172553,12/8/2022 16:15,e0c3164e-7745-11ed-8c24-06156affe90a,2
220-1172576,12/8/2022 16:15,e1023432-7745-11ed-bd7e-06156affe90a,2
220-1172577,12/8/2022 16:15,e136eace-7745-11ed-b225-06156affe90a,2
220-1172578,12/8/2022 16:15,e1721798-7745-11ed-b8d9-06156affe90a,2
220-1172579,12/8/2022 16:15,e1ac4bfc-7745-11ed-88ed-06156affe90a,2
220-1172580,12/8/2022 16:15,e1e47860-7745-11ed-b50d-06156affe90a,2
220-1172581,12/8/2022 16:15,e21ce376-7745-11ed-b179-06156affe90a,2
220-8018281,12/8/2022 16:15,e25a5e0e-7745-11ed-9ea5-06156affe90a,2
306-1019468,12/8/2022 16:15,e3bf106e-7745-11ed-976a-06156affe90a,2
200-1107937,12/8/2022 16:30,f6b2e586-7747-11ed-ac9c-06156affe90a,2
200-1107940,12/8/2022 16:30,f6e08e5a-7747-11ed-abfd-06156affe90a,2
200-1107941,12/8/2022 16:30,f70e531c-7747-11ed-b350-06156affe90a,2
220-1172553,12/8/2022 16:30,f79571da-7747-11ed-9215-06156affe90a,2
220-1172555,12/8/2022 16:30,f7c24386-7747-11ed-9b1b-06156affe90a,2
220-1172559,12/8/2022 16:30,f7eeb2fe-7747-11ed-88e2-06156affe90a,2
220-1172561,12/8/2022 16:30,f81b64de-7747-11ed-9ca3-06156affe90a,2
220-1172563,12/8/2022 16:30,f848a2dc-7747-11ed-804e-06156affe90a,2
220-1172565,12/8/2022 16:30,f875af20-7747-11ed-8c07-06156affe90a,2
220-1172573,12/8/2022 16:30,f8a39c46-7747-11ed-b714-06156affe90a,2
220-1172581,12/8/2022 16:30,f8d0975a-7747-11ed-aa52-06156affe90a,2
220-1172582,12/8/2022 16:30,f8fd3936-7747-11ed-b93f-06156affe90a,2
220-1172583,12/8/2022 16:30,f92a2b26-7747-11ed-a20a-06156affe90a,2
220-1172584,12/8/2022 16:30,f9573558-7747-11ed-887b-06156affe90a,2
220-1172585,12/8/2022 16:30,f98427b6-7747-11ed-8234-06156affe90a,2
220-8018282,12/8/2022 16:30,f9b20fb4-7747-11ed-b411-06156affe90a,2
260-1006862,12/8/2022 16:30,fa3b95d6-7747-11ed-8c11-06156affe90a,2
260-1006863,12/8/2022 16:30,fa6a2086-7747-11ed-96df-06156affe90a,2
260-1006864,12/8/2022 16:30,fa978e72-7747-11ed-9481-06156affe90a,2
302-1021105,12/8/2022 16:30,fac63e02-7747-11ed-8066-06156affe90a,2
306-1019455,12/8/2022 16:30,fb24aa8c-7747-11ed-aae4-06156affe90a,2
306-1019458,12/8/2022 16:30,fb53f2a6-7747-11ed-8c93-06156affe90a,2
308-1007662,12/8/2022 16:30,fb8326d4-7747-11ed-8ea4-06156affe90a,2
312-1005255,12/8/2022 16:30,fbb10b1c-7747-11ed-bccd-06156affe90a,2
200-1107942,12/8/2022 16:45,09e5f59c-774a-11ed-a397-02d06230d2dc,2
210-1021930,12/8/2022 16:45,0a18aea6-774a-11ed-a8f3-02d06230d2dc,2
220-1172583,12/8/2022 16:45,0a47bc78-774a-11ed-b39e-02d06230d2dc,2
220-1172586,12/8/2022 16:45,0a755ed0-774a-11ed-86b9-02d06230d2dc,2
220-1172587,12/8/2022 16:45,0aa3b5b4-774a-11ed-8e68-02d06230d2dc,2
220-1172588,12/8/2022 16:45,0ad12260-774a-11ed-bd17-02d06230d2dc,2
220-1172589,12/8/2022 16:45,0aff4046-774a-11ed-8cbb-02d06230d2dc,2
220-1172590,12/8/2022 16:45,0b2de9a0-774a-11ed-9450-02d06230d2dc,2
220-8018283,12/8/2022 16:45,0b5ccc16-774a-11ed-822d-02d06230d2dc,2
302-1021106,12/8/2022 16:45,0b8ae128-774a-11ed-ac19-02d06230d2dc,2
302-8000797,12/8/2022 16:45,0bb89046-774a-11ed-90fd-02d06230d2dc,2
306-1019455,12/8/2022 16:45,0be8527c-774a-11ed-8335-02d06230d2dc,2
306-1019468,12/8/2022 16:45,0c16790e-774a-11ed-952d-02d06230d2dc,5
308-1007663,12/8/2022 16:45,0c46408a-774a-11ed-b0bb-02d06230d2dc,2
308-8000502,12/8/2022 16:45,0c75b0ea-774a-11ed-ab09-02d06230d2dc,2
200-1107943,12/8/2022 17:00,2797b768-774c-11ed-b54c-02d06230d2dc,2
210-1021930,12/8/2022 17:00,2883edea-774c-11ed-aeab-02d06230d2dc,2
250-1004328,12/8/2022 17:00,2ef315fc-774c-11ed-863d-06156affe90a,2
250-1004329,12/8/2022 17:00,2f23cbf2-774c-11ed-9ca4-06156affe90a,2
301-1013345,12/8/2022 17:00,30c10056-774c-11ed-a73d-06156affe90a,2
302-1021104,12/8/2022 17:00,30ee45b6-774c-11ed-83ae-06156affe90a,2
303-8001048,12/8/2022 17:00,31776f6c-774c-11ed-ab02-06156affe90a,2
306-1019468,12/8/2022 17:00,31bc003c-774c-11ed-9702-06156affe90a,5
308-1007663,12/8/2022 17:00,32010d6c-774c-11ed-a400-06156affe90a,2
200-1107917,12/8/2022 17:15,36ecfc12-774e-11ed-b410-06156affe90a,2
220-1172562,12/8/2022 17:15,3a77724a-774e-11ed-a238-06156affe90a,2
220-1172572,12/8/2022 17:15,3aa4ae2c-774e-11ed-a218-06156affe90a,2
260-1006865,12/8/2022 17:15,3b5b0d5c-774e-11ed-adc7-06156affe90a,2
301-1013345,12/8/2022 17:15,3b88d476-774e-11ed-9b5f-06156affe90a,2
301-1013346,12/8/2022 17:15,3bb5db56-774e-11ed-9e8d-06156affe90a,2
302-1021106,12/8/2022 17:15,3be3930c-774e-11ed-b50c-06156affe90a,2
312-1005252,12/8/2022 17:15,3c109b0e-774e-11ed-849a-06156affe90a,2
302-1021107,12/8/2022 17:30,593b9006-7750-11ed-b047-069eed229002,2
312-1005252,12/8/2022 17:30,59693a1a-7750-11ed-a721-069eed229002,2
260-1006866,12/8/2022 17:45,741bdba4-7752-11ed-b804-02d06230d2dc,2
220-1172591,12/8/2022 18:00,8d9eea06-7754-11ed-99c2-02d962f59f52,2
210-1021931,12/8/2022 18:45,cfcb01d4-775a-11ed-a853-02d962f59f52,2
220-1172592,12/8/2022 18:45,d0001b1c-775a-11ed-b8dd-02d962f59f52,5
220-1172593,12/8/2022 18:45,d0327d0a-775a-11ed-a5a4-02d962f59f52,5
220-1172594,12/8/2022 18:45,d06827fc-775a-11ed-86d5-02d962f59f52,5
220-1172595,12/8/2022 18:45,d0988e92-775a-11ed-90b4-02d962f59f52,5
308-1007659,12/8/2022 18:45,d0f86d62-775a-11ed-bcdf-02d962f59f52,5
308-1007661,12/8/2022 18:45,d12747f4-775a-11ed-bae6-02d962f59f52,5
308-1007662,12/8/2022 18:45,d155e276-775a-11ed-b616-02d962f59f52,5
308-1007664,12/8/2022 18:45,d18619be-775a-11ed-83a2-02d962f59f52,2
312-1005256,12/8/2022 18:45,d1b60372-775a-11ed-8b56-02d962f59f52,2
312-1005257,12/8/2022 18:45,d1e5080c-775a-11ed-a009-02d962f59f52,2
220-1172574,12/8/2022 19:00,ec5b5bc6-775c-11ed-87a1-02d962f59f52,2
220-1172575,12/8/2022 19:00,ec907612-775c-11ed-9f81-02d962f59f52,2
220-1172576,12/8/2022 19:00,ecbef654-775c-11ed-82da-02d962f59f52,2
220-1172581,12/8/2022 19:00,eced4752-775c-11ed-b22d-02d962f59f52,2
220-1172582,12/8/2022 19:00,ed1f7d3a-775c-11ed-b52e-02d962f59f52,2
220-1172589,12/8/2022 19:00,ed551558-775c-11ed-a0b1-02d962f59f52,2
220-1172596,12/8/2022 20:45,a7b878dc-776b-11ed-ac2e-02d06230d2dc,5
220-1172597,12/9/2022 6:00,25e729a4-77b9-11ed-84d2-02d06230d2dc,2
220-1172598,12/9/2022 6:00,26237fee-77b9-11ed-a9e4-02d06230d2dc,2
210-1021926,12/9/2022 6:15,2e2cad08-77bb-11ed-b37f-06156affe90a,2
301-1013340,12/9/2022 6:15,2f4addf4-77bb-11ed-b4a5-06156affe90a,2
301-1013341,12/9/2022 6:15,2f799608-77bb-11ed-9c63-06156affe90a,2
301-1013346,12/9/2022 6:15,2fa83a80-77bb-11ed-8131-06156affe90a,2
304-1011302,12/9/2022 6:15,30702734-77bb-11ed-be65-06156affe90a,2
306-1019466,12/9/2022 6:15,310aeef4-77bb-11ed-8251-06156affe90a,2
306-1019468,12/9/2022 6:15,31390834-77bb-11ed-ac93-06156affe90a,2
306-1019476,12/9/2022 6:15,3167a7ac-77bb-11ed-939a-06156affe90a,2
306-1019479,12/9/2022 6:15,31957fd8-77bb-11ed-a950-06156affe90a,2
308-1007660,12/9/2022 6:15,31c42360-77bb-11ed-97d2-06156affe90a,2
308-1007663,12/9/2022 6:15,31f1d10c-77bb-11ed-ab6f-06156affe90a,2
312-1005252,12/9/2022 6:15,321f9cb8-77bb-11ed-909f-06156affe90a,2
220-1172556,12/9/2022 7:00,95120274-77c1-11ed-8005-069eed229002,2
200-1107912,12/9/2022 7:15,8badd968-77c3-11ed-a96e-069eed229002,2
210-1021920,12/9/2022 7:15,8be030e8-77c3-11ed-9257-069eed229002,2
210-1021920,12/9/2022 7:30,a8eea7c6-77c5-11ed-94cd-02d962f59f52,5
220-1172584,12/9/2022 7:30,a9236bdc-77c5-11ed-a3b2-02d962f59f52,2
220-1172590,12/9/2022 7:30,a959ee78-77c5-11ed-941f-02d962f59f52,2
220-1172592,12/9/2022 7:30,a98caff2-77c5-11ed-8d64-02d962f59f52,2
220-1172594,12/9/2022 7:30,a9bfb1e0-77c5-11ed-bc2d-02d962f59f52,2
220-1172595,12/9/2022 7:30,a9ef48a6-77c5-11ed-9f69-02d962f59f52,2
220-1172597,12/9/2022 7:30,aa1f9eb6-77c5-11ed-afc7-02d962f59f52,2
200-1107939,12/9/2022 7:45,bddf6358-77c7-11ed-8a1b-06156affe90a,2
200-1107941,12/9/2022 7:45,be11241a-77c7-11ed-9562-06156affe90a,2
220-1172578,12/9/2022 7:45,be9ad534-77c7-11ed-8c77-06156affe90a,2
220-1172586,12/9/2022 7:45,bec98226-77c7-11ed-adad-06156affe90a,2
220-1172587,12/9/2022 7:45,bef7eeae-77c7-11ed-a2bc-06156affe90a,2
220-1172591,12/9/2022 7:45,bf2814b2-77c7-11ed-87be-06156affe90a,2
220-1172593,12/9/2022 7:45,bf58e5f6-77c7-11ed-8569-06156affe90a,2
220-1172595,12/9/2022 7:45,bf8b6f12-77c7-11ed-adec-06156affe90a,5
220-1172598,12/9/2022 7:45,bfbc961e-77c7-11ed-8954-06156affe90a,2
200-1107940,12/9/2022 8:00,db5e9d70-77c9-11ed-b214-06156affe90a,2
220-1172581,12/9/2022 8:30,10f0e016-77ce-11ed-a2cb-069eed229002,2
200-1107939,12/9/2022 8:45,1ee91bbe-77d0-11ed-a843-06156affe90a,2
200-8013528,12/9/2022 8:45,21892616-77d0-11ed-b225-06156affe90a,2
200-8013531,12/9/2022 8:45,21b739fc-77d0-11ed-bd49-06156affe90a,2
200-8013532,12/9/2022 8:45,21e52c4a-77d0-11ed-87bb-06156affe90a,2
220-1172566,12/9/2022 8:45,2213f390-77d0-11ed-9690-06156affe90a,2
210-8003209,12/9/2022 9:00,4473d8ea-77d2-11ed-ae0e-06156affe90a,2
220-1172578,12/9/2022 9:00,44a40da8-77d2-11ed-8198-06156affe90a,2
220-1172584,12/9/2022 9:00,44d48960-77d2-11ed-b840-06156affe90a,2
210-1021920,12/9/2022 9:45,800c544e-77d8-11ed-9863-02d06230d2dc,5
210-1021920,12/9/2022 10:00,a2141804-77da-11ed-be70-069eed229002,5
200-1107905,12/9/2022 11:15,113bd640-77e5-11ed-b3ec-06156affe90a,5
200-1107906,12/9/2022 11:15,116a2946-77e5-11ed-801f-06156affe90a,5
200-1107907,12/9/2022 11:15,11995cb6-77e5-11ed-906e-06156affe90a,5
200-1107908,12/9/2022 11:15,11c775d8-77e5-11ed-bc48-06156affe90a,5
200-1107909,12/9/2022 11:15,11f51600-77e5-11ed-bbd6-06156affe90a,5
200-1107910,12/9/2022 11:15,1223ba50-77e5-11ed-aa37-06156affe90a,5
200-1107911,12/9/2022 11:15,12511a72-77e5-11ed-a925-06156affe90a,5
200-1107912,12/9/2022 11:15,12802e7a-77e5-11ed-bc7c-06156affe90a,5
200-1107913,12/9/2022 11:15,12ae97ce-77e5-11ed-b289-06156affe90a,5
200-1107914,12/9/2022 11:15,12dcb35c-77e5-11ed-8210-06156affe90a,5
200-1107915,12/9/2022 11:15,130b8b5a-77e5-11ed-a0c1-06156affe90a,5
200-1107916,12/9/2022 11:15,133bacd6-77e5-11ed-bc03-06156affe90a,5
200-1107917,12/9/2022 11:15,136b37b2-77e5-11ed-b299-06156affe90a,5
200-1107918,12/9/2022 11:15,1399873e-77e5-11ed-ad40-06156affe90a,5
200-1107919,12/9/2022 11:15,13c8ac94-77e5-11ed-bd3e-06156affe90a,5
200-1107920,12/9/2022 11:15,13f573fa-77e5-11ed-a588-06156affe90a,5
200-1107921,12/9/2022 11:15,1425a48a-77e5-11ed-90e8-06156affe90a,5
200-1107922,12/9/2022 11:15,14547cf6-77e5-11ed-bcc9-06156affe90a,5
200-1107923,12/9/2022 11:15,14847668-77e5-11ed-820b-06156affe90a,5
200-1107924,12/9/2022 11:15,14b4bd0a-77e5-11ed-b8c0-06156affe90a,5
200-1107925,12/9/2022 11:15,14e336e4-77e5-11ed-8776-06156affe90a,5
200-1107926,12/9/2022 11:15,1511d0bc-77e5-11ed-a9da-06156affe90a,5
200-1107927,12/9/2022 11:15,15416854-77e5-11ed-8e92-06156affe90a,5
200-1107928,12/9/2022 11:15,1570ff88-77e5-11ed-8370-06156affe90a,5
200-1107929,12/9/2022 11:15,15a00922-77e5-11ed-a443-06156affe90a,5
200-1107930,12/9/2022 11:15,15ce1a42-77e5-11ed-867d-06156affe90a,5
200-1107931,12/9/2022 11:15,15fc6816-77e5-11ed-9ff9-06156affe90a,5
200-1107932,12/9/2022 11:15,162b4046-77e5-11ed-9105-06156affe90a,5
200-1107933,12/9/2022 11:15,16596566-77e5-11ed-b548-06156affe90a,5
200-1107934,12/9/2022 11:15,1686e23e-77e5-11ed-81c1-06156affe90a,5
200-1107935,12/9/2022 11:15,16b5f542-77e5-11ed-867d-06156affe90a,5
200-1107936,12/9/2022 11:15,16e54860-77e5-11ed-b203-06156affe90a,5
200-1107937,12/9/2022 11:15,1713fc6e-77e5-11ed-8004-06156affe90a,5
200-1107938,12/9/2022 11:15,1743f4aa-77e5-11ed-81ff-06156affe90a,5
200-1107939,12/9/2022 11:15,177360a0-77e5-11ed-b67f-06156affe90a,5
200-1107940,12/9/2022 11:15,17a2dd76-77e5-11ed-9aa6-06156affe90a,5
200-1107941,12/9/2022 11:15,17d150de-77e5-11ed-9539-06156affe90a,5
200-1107942,12/9/2022 11:15,18008a70-77e5-11ed-b4e6-06156affe90a,5
200-1107943,12/9/2022 11:15,182ec2b4-77e5-11ed-8038-06156affe90a,5
200-8013528,12/9/2022 11:15,188c493e-77e5-11ed-b10a-06156affe90a,5
200-8013529,12/9/2022 11:15,18ba7f02-77e5-11ed-ab50-06156affe90a,5
200-8013530,12/9/2022 11:15,18e838fc-77e5-11ed-bb17-06156affe90a,5
200-8013531,12/9/2022 11:15,1915d8fc-77e5-11ed-8e0f-06156affe90a,5
200-8013532,12/9/2022 11:15,194348e6-77e5-11ed-a65a-06156affe90a,5
200-8013533,12/9/2022 11:15,19715a10-77e5-11ed-8cb5-06156affe90a,5
200-8013534,12/9/2022 11:15,19a07016-77e5-11ed-ab7b-06156affe90a,5
200-8013535,12/9/2022 11:15,19d10d48-77e5-11ed-9538-06156affe90a,5
200-8013536,12/9/2022 11:15,1a01030e-77e5-11ed-b5f1-06156affe90a,5
200-8013537,12/9/2022 11:15,1ac56ab4-77e5-11ed-ad66-06156affe90a,5
200-8013538,12/9/2022 11:15,1af91d50-77e5-11ed-a359-06156affe90a,5
210-1021914,12/9/2022 11:15,1b2aef38-77e5-11ed-bef4-06156affe90a,5
210-1021915,12/9/2022 11:15,1b5d6490-77e5-11ed-b9d3-06156affe90a,5
210-1021916,12/9/2022 11:15,1b8e1752-77e5-11ed-98fa-06156affe90a,5
210-1021917,12/9/2022 11:15,1bbfe660-77e5-11ed-bb93-06156affe90a,5
210-1021918,12/9/2022 11:15,1bf31d3c-77e5-11ed-8d13-06156affe90a,5
210-1021919,12/9/2022 11:15,1c24ec22-77e5-11ed-84da-06156affe90a,5
210-1021920,12/9/2022 11:15,1c57d54c-77e5-11ed-b759-06156affe90a,5
210-1021921,12/9/2022 11:15,1c88b658-77e5-11ed-a9a6-06156affe90a,5
210-1021922,12/9/2022 11:15,1cb8b22c-77e5-11ed-8ade-06156affe90a,5
210-1021923,12/9/2022 11:15,1ceadf0e-77e5-11ed-9487-06156affe90a,5
210-1021924,12/9/2022 11:15,1d1bc100-77e5-11ed-9da0-06156affe90a,5
210-1021925,12/9/2022 11:15,1d4ed78e-77e5-11ed-8ec0-06156affe90a,5
210-1021926,12/9/2022 11:15,1d814e62-77e5-11ed-95b4-06156affe90a,5
210-1021927,12/9/2022 11:15,1daff730-77e5-11ed-8ba2-06156affe90a,5
210-1021928,12/9/2022 11:15,1de03d3c-77e5-11ed-81ba-06156affe90a,5
210-1021929,12/9/2022 11:15,1e0f8d80-77e5-11ed-8c2c-06156affe90a,5
210-1021930,12/9/2022 11:15,1e3dea5e-77e5-11ed-bdf3-06156affe90a,5
210-1021931,12/9/2022 11:15,1e6bbfd8-77e5-11ed-a016-06156affe90a,5
210-8003208,12/9/2022 11:15,1e9a94c0-77e5-11ed-a42d-06156affe90a,5
210-8003209,12/9/2022 11:15,1ec8a93c-77e5-11ed-9b41-06156affe90a,5
210-8003210,12/9/2022 11:15,1ef53b82-77e5-11ed-899e-06156affe90a,5
210-8003211,12/9/2022 11:15,1f23c66e-77e5-11ed-95c8-06156affe90a,5
210-8003212,12/9/2022 11:15,1f519968-77e5-11ed-a179-06156affe90a,5
220-1172507,12/9/2022 11:15,1fad5046-77e5-11ed-bf08-06156affe90a,5
220-1172508,12/9/2022 11:15,1fda7030-77e5-11ed-aef2-06156affe90a,5
220-1172509,12/9/2022 11:15,200820e8-77e5-11ed-b839-06156affe90a,5
220-1172510,12/9/2022 11:15,20356ad0-77e5-11ed-adc3-06156affe90a,5
220-1172511,12/9/2022 11:15,20637650-77e5-11ed-b72f-06156affe90a,5
220-1172512,12/9/2022 11:15,2091192a-77e5-11ed-942d-06156affe90a,5
220-1172513,12/9/2022 11:15,20bede8c-77e5-11ed-875d-06156affe90a,5
220-1172514,12/9/2022 11:15,20ed6dc4-77e5-11ed-9c45-06156affe90a,5
220-1172515,12/9/2022 11:15,2129e1dc-77e5-11ed-bcb8-06156affe90a,5
220-1172516,12/9/2022 11:15,2164d6a2-77e5-11ed-a2c4-06156affe90a,5
220-1172517,12/9/2022 11:15,21971518-77e5-11ed-94ff-06156affe90a,5
220-1172518,12/9/2022 11:15,21c539a2-77e5-11ed-bc97-06156affe90a,5
220-1172519,12/9/2022 11:15,21f49c4c-77e5-11ed-b124-06156affe90a,5
220-1172520,12/9/2022 11:15,22224d72-77e5-11ed-8577-06156affe90a,5
220-1172521,12/9/2022 11:15,224fb398-77e5-11ed-92ee-06156affe90a,5
220-1172522,12/9/2022 11:15,227d2b84-77e5-11ed-b25a-06156affe90a,5
220-1172523,12/9/2022 11:15,22aa0f46-77e5-11ed-8367-06156affe90a,5
220-1172524,12/9/2022 11:15,22d86396-77e5-11ed-b10a-06156affe90a,5
220-1172525,12/9/2022 11:15,23068136-77e5-11ed-93be-06156affe90a,5
220-1172526,12/9/2022 11:15,23354e26-77e5-11ed-a3aa-06156affe90a,5
220-1172527,12/9/2022 11:15,23646922-77e5-11ed-9ba1-06156affe90a,5
220-1172528,12/9/2022 11:15,2392e306-77e5-11ed-8f08-06156affe90a,5
220-1172529,12/9/2022 11:15,23bffce2-77e5-11ed-bf79-06156affe90a,5
220-1172530,12/9/2022 11:15,23ee0344-77e5-11ed-897e-06156affe90a,5
220-1172531,12/9/2022 11:15,24abbd30-77e5-11ed-9daf-069eed229002,5
220-1172532,12/9/2022 11:15,24dd8842-77e5-11ed-895c-069eed229002,5
220-1172533,12/9/2022 11:15,250bf1fa-77e5-11ed-b736-069eed229002,5
220-1172534,12/9/2022 11:15,253ad100-77e5-11ed-8314-069eed229002,5
220-1172535,12/9/2022 11:15,2569032c-77e5-11ed-a7b4-069eed229002,5
220-1172536,12/9/2022 11:15,2597976e-77e5-11ed-8adc-069eed229002,5
220-1172537,12/9/2022 11:15,25c5e9e8-77e5-11ed-8933-069eed229002,5
220-1172538,12/9/2022 11:15,25f34208-77e5-11ed-b0ad-069eed229002,5
220-1172539,12/9/2022 11:15,2621029c-77e5-11ed-ac7c-069eed229002,5
220-1172540,12/9/2022 11:15,264e5d64-77e5-11ed-867a-069eed229002,5
220-1172541,12/9/2022 11:15,267c5548-77e5-11ed-884e-069eed229002,5
220-1172542,12/9/2022 11:15,26aa3f76-77e5-11ed-a224-069eed229002,5
220-1172543,12/9/2022 11:15,26d88ef8-77e5-11ed-b0ce-069eed229002,5
220-1172544,12/9/2022 11:15,27078370-77e5-11ed-99e5-069eed229002,5
220-1172545,12/9/2022 11:15,27367216-77e5-11ed-a77d-069eed229002,5
220-1172546,12/9/2022 11:15,276640ea-77e5-11ed-90a8-069eed229002,5
220-1172547,12/9/2022 11:15,2794fa52-77e5-11ed-a57e-069eed229002,5
220-1172548,12/9/2022 11:15,27c36af4-77e5-11ed-b3e2-069eed229002,5
220-1172549,12/9/2022 11:15,27f18a4c-77e5-11ed-92e3-069eed229002,5
220-1172550,12/9/2022 11:15,281fb7fa-77e5-11ed-9bc9-069eed229002,5
220-1172551,12/9/2022 11:15,2851dd3e-77e5-11ed-855d-069eed229002,5
220-1172552,12/9/2022 11:15,287f85cc-77e5-11ed-9705-069eed229002,5
220-1172553,12/9/2022 11:15,28f09ffa-77e5-11ed-bbc9-069eed229002,5
220-1172554,12/9/2022 11:15,295a9a7c-77e5-11ed-ab47-069eed229002,5
220-1172555,12/9/2022 11:15,29896ca8-77e5-11ed-b145-069eed229002,5
220-1172556,12/9/2022 11:15,29b70c30-77e5-11ed-8e2b-069eed229002,5
220-1172557,12/9/2022 11:15,2a704ee8-77e5-11ed-a11a-069eed229002,5
220-1172558,12/9/2022 11:15,2a9eb6e8-77e5-11ed-a655-069eed229002,5
220-1172559,12/9/2022 11:15,2acce784-77e5-11ed-ace6-069eed229002,5
220-1172560,12/9/2022 11:15,2b7f7660-77e5-11ed-b8ed-069eed229002,5
220-1172561,12/9/2022 11:15,2baeb68c-77e5-11ed-8e64-069eed229002,5
220-1172562,12/9/2022 11:15,2bdcd6de-77e5-11ed-bcbc-069eed229002,5
220-1172563,12/9/2022 11:15,2c98d7b2-77e5-11ed-bb2b-069eed229002,5
220-1172564,12/9/2022 11:15,2ccc397c-77e5-11ed-8907-069eed229002,5
220-1172565,12/9/2022 11:15,2d873a1a-77e5-11ed-a3fa-069eed229002,5
220-1172566,12/9/2022 11:15,2db873c8-77e5-11ed-adb5-069eed229002,5
220-1172567,12/9/2022 11:15,2e6e8e24-77e5-11ed-951c-069eed229002,5
220-1172568,12/9/2022 11:15,2f2d3964-77e5-11ed-8a43-069eed229002,5
220-1172569,12/9/2022 11:15,2f5e658e-77e5-11ed-92f4-069eed229002,5
220-1172570,12/9/2022 11:15,2f934ab0-77e5-11ed-9c31-069eed229002,5
220-1172571,12/9/2022 11:15,2fc4e408-77e5-11ed-a17c-069eed229002,5
220-1172572,12/9/2022 11:15,2ff9bc8c-77e5-11ed-8fbe-069eed229002,5
220-1172573,12/9/2022 11:15,30301e9e-77e5-11ed-8282-069eed229002,5
220-1172574,12/9/2022 11:15,306244b4-77e5-11ed-a6fc-069eed229002,5
220-1172575,12/9/2022 11:15,30969d2c-77e5-11ed-9aef-069eed229002,5
220-1172576,12/9/2022 11:15,30c6940a-77e5-11ed-9afc-069eed229002,5
220-1172577,12/9/2022 11:15,30f9fc14-77e5-11ed-bd90-069eed229002,5
220-1172578,12/9/2022 11:15,312d7e7c-77e5-11ed-8525-069eed229002,5
220-1172579,12/9/2022 11:15,315e59ca-77e5-11ed-95d0-069eed229002,5
220-1172580,12/9/2022 11:15,318dd84e-77e5-11ed-87ae-069eed229002,5
220-1172581,12/9/2022 11:16,325c0afc-77e5-11ed-a68e-02d06230d2dc,5
220-1172582,12/9/2022 11:16,329246bc-77e5-11ed-a5a2-02d06230d2dc,5
220-1172583,12/9/2022 11:16,32c1fbe6-77e5-11ed-a930-02d06230d2dc,5
220-1172584,12/9/2022 11:16,32f26632-77e5-11ed-a636-02d06230d2dc,5
220-1172585,12/9/2022 11:16,33225e50-77e5-11ed-9220-02d06230d2dc,5
220-1172586,12/9/2022 11:16,3351de5a-77e5-11ed-b7f4-02d06230d2dc,5
220-1172587,12/9/2022 11:16,3381b594-77e5-11ed-b8f0-02d06230d2dc,5
220-1172588,12/9/2022 11:16,33b2eb32-77e5-11ed-b5b9-02d06230d2dc,5
220-1172589,12/9/2022 11:16,33e4100e-77e5-11ed-a63a-02d06230d2dc,5
220-1172590,12/9/2022 11:16,3414c55a-77e5-11ed-b83a-02d06230d2dc,5
220-1172591,12/9/2022 11:16,3444fe32-77e5-11ed-b249-02d06230d2dc,5
220-1172592,12/9/2022 11:16,3474d170-77e5-11ed-b2f0-02d06230d2dc,5
220-1172593,12/9/2022 11:16,34a6ee12-77e5-11ed-acc2-02d06230d2dc,5
220-1172594,12/9/2022 11:16,34d6a274-77e5-11ed-b92f-02d06230d2dc,5
220-1172595,12/9/2022 11:16,35061e64-77e5-11ed-9ed1-02d06230d2dc,5
220-1172596,12/9/2022 11:16,3536b5ba-77e5-11ed-b876-02d06230d2dc,5
220-1172597,12/9/2022 11:16,3567029c-77e5-11ed-9312-02d06230d2dc,5
220-1172598,12/9/2022 11:16,3596cf7c-77e5-11ed-9a5f-02d06230d2dc,5
220-8018264,12/9/2022 11:16,36ba40f0-77e5-11ed-8d12-02d06230d2dc,5
220-8018265,12/9/2022 11:16,36e9c780-77e5-11ed-91d7-02d06230d2dc,5
220-8018266,12/9/2022 11:16,37195bbc-77e5-11ed-a393-02d06230d2dc,5
220-8018267,12/9/2022 11:16,3748bd76-77e5-11ed-9f0e-02d06230d2dc,5
220-8018268,12/9/2022 11:16,37799fb8-77e5-11ed-9bde-02d06230d2dc,5
220-8018269,12/9/2022 11:16,37ace9ae-77e5-11ed-8d5a-02d06230d2dc,5
220-8018270,12/9/2022 11:16,37e1b03a-77e5-11ed-8836-02d06230d2dc,5
220-8018271,12/9/2022 11:16,3811a60a-77e5-11ed-87e8-02d06230d2dc,5
220-8018272,12/9/2022 11:16,38411c64-77e5-11ed-9775-02d06230d2dc,5
220-8018273,12/9/2022 11:16,386f0f66-77e5-11ed-a6e0-02d06230d2dc,5
220-8018274,12/9/2022 11:16,389ceab2-77e5-11ed-8df2-02d06230d2dc,5
220-8018275,12/9/2022 11:16,38cc90fa-77e5-11ed-8a18-02d06230d2dc,5
220-8018276,12/9/2022 11:16,38ff554e-77e5-11ed-bf87-02d06230d2dc,5
220-8018277,12/9/2022 11:16,39349920-77e5-11ed-a1e6-02d06230d2dc,5
220-8018278,12/9/2022 11:16,396440d0-77e5-11ed-8fd4-02d06230d2dc,5
220-8018279,12/9/2022 11:16,39941ba2-77e5-11ed-9771-02d06230d2dc,5
220-8018280,12/9/2022 11:16,39c35624-77e5-11ed-8ecc-02d06230d2dc,5
220-8018281,12/9/2022 11:16,39f90e04-77e5-11ed-8520-02d06230d2dc,5
220-8018282,12/9/2022 11:16,3a2a8556-77e5-11ed-8bb3-02d06230d2dc,5
220-8018283,12/9/2022 11:16,3a59f20a-77e5-11ed-8aad-02d06230d2dc,5
230-1009503,12/9/2022 11:16,3a8867ca-77e5-11ed-bc02-02d06230d2dc,5
230-1009504,12/9/2022 11:16,3abb8862-77e5-11ed-bc8e-02d06230d2dc,5
230-1009505,12/9/2022 11:16,3aefaf66-77e5-11ed-a70b-02d06230d2dc,5
230-1009506,12/9/2022 11:16,3b210796-77e5-11ed-8c98-02d06230d2dc,5
240-1003180,12/9/2022 11:16,3b4f93cc-77e5-11ed-bfeb-02d06230d2dc,5
240-1003181,12/9/2022 11:16,3b7ec2dc-77e5-11ed-be63-02d06230d2dc,5
240-1003182,12/9/2022 11:16,3badc726-77e5-11ed-bd7c-02d06230d2dc,5
240-1003183,12/9/2022 11:16,3c7cd6c4-77e5-11ed-8a25-069eed229002,2
240-8000345,12/9/2022 11:16,3caecac6-77e5-11ed-bcb7-069eed229002,5
250-1004327,12/9/2022 11:16,3d13e442-77e5-11ed-9770-069eed229002,5
250-1004328,12/9/2022 11:16,3d433b0c-77e5-11ed-b454-069eed229002,5
250-1004329,12/9/2022 11:16,3d70e0d4-77e5-11ed-b2e7-069eed229002,5
250-1004330,12/9/2022 11:16,3da0fc56-77e5-11ed-88bf-069eed229002,5
250-1004331,12/9/2022 11:16,3dcf8120-77e5-11ed-ac30-069eed229002,5
250-8001372,12/9/2022 11:16,3e63dc8a-77e5-11ed-8e99-069eed229002,5
250-8001373,12/9/2022 11:16,3e93da16-77e5-11ed-aba8-069eed229002,5
250-8001374,12/9/2022 11:16,3ec2995a-77e5-11ed-bff2-069eed229002,5
260-1006812,12/9/2022 11:16,3ef1b7ee-77e5-11ed-abce-069eed229002,5
260-1006813,12/9/2022 11:16,3f202598-77e5-11ed-b0ee-069eed229002,5
260-1006814,12/9/2022 11:16,3f4eab98-77e5-11ed-a0f7-069eed229002,5
260-1006815,12/9/2022 11:16,3f7dd88c-77e5-11ed-9e7b-069eed229002,5
260-1006816,12/9/2022 11:16,3faf2b9e-77e5-11ed-b6b1-069eed229002,5
260-1006817,12/9/2022 11:16,3fde798a-77e5-11ed-95f9-069eed229002,5
260-1006818,12/9/2022 11:16,400d7d7a-77e5-11ed-a864-069eed229002,5
260-1006819,12/9/2022 11:16,403c058c-77e5-11ed-9104-069eed229002,5
260-1006820,12/9/2022 11:16,406bd47e-77e5-11ed-8d61-069eed229002,5
260-1006821,12/9/2022 11:16,409b2530-77e5-11ed-9cd5-069eed229002,5
260-1006822,12/9/2022 11:16,40cb5ee4-77e5-11ed-964d-069eed229002,5
260-1006823,12/9/2022 11:16,40f9b9b0-77e5-11ed-89d7-069eed229002,5
260-1006824,12/9/2022 11:16,4127b3c4-77e5-11ed-9ed5-069eed229002,5
260-1006825,12/9/2022 11:16,41547224-77e5-11ed-845f-069eed229002,5
260-1006826,12/9/2022 11:16,4182a48c-77e5-11ed-aee3-069eed229002,5
260-1006827,12/9/2022 11:16,41b1a8cc-77e5-11ed-866b-069eed229002,5
260-1006828,12/9/2022 11:16,41e052d0-77e5-11ed-9c9e-069eed229002,5
260-1006829,12/9/2022 11:16,420e4f8c-77e5-11ed-acec-069eed229002,5
260-1006830,12/9/2022 11:16,423c3ad2-77e5-11ed-b6d2-069eed229002,5
260-1006831,12/9/2022 11:16,426b6fbe-77e5-11ed-a0dd-069eed229002,5
260-1006832,12/9/2022 11:16,429c3d42-77e5-11ed-aeca-069eed229002,5
260-1006833,12/9/2022 11:16,42ce4940-77e5-11ed-827a-069eed229002,5
260-1006834,12/9/2022 11:16,43009530-77e5-11ed-8dab-069eed229002,5
260-1006835,12/9/2022 11:16,43306d32-77e5-11ed-af49-069eed229002,5
260-1006836,12/9/2022 11:16,435f0782-77e5-11ed-916c-069eed229002,5
260-1006837,12/9/2022 11:16,438cbda8-77e5-11ed-8324-069eed229002,5
260-1006838,12/9/2022 11:16,43bd8780-77e5-11ed-b046-069eed229002,5
260-1006839,12/9/2022 11:16,43ecc81a-77e5-11ed-828f-069eed229002,5
260-1006840,12/9/2022 11:16,441c9180-77e5-11ed-9e97-069eed229002,5
260-1006841,12/9/2022 11:16,444c7224-77e5-11ed-bd05-069eed229002,5
260-1006842,12/9/2022 11:16,447bd53c-77e5-11ed-b8c9-069eed229002,5
260-1006843,12/9/2022 11:16,44aba7f8-77e5-11ed-a528-069eed229002,5
260-1006844,12/9/2022 11:16,44db7e74-77e5-11ed-9311-069eed229002,5
260-1006845,12/9/2022 11:16,450b32ea-77e5-11ed-bfc4-069eed229002,5
260-1006846,12/9/2022 11:16,453a8234-77e5-11ed-8031-069eed229002,5
260-1006847,12/9/2022 11:16,456a1350-77e5-11ed-accc-069eed229002,5
260-1006848,12/9/2022 11:16,4599767c-77e5-11ed-96cd-069eed229002,5
260-1006849,12/9/2022 11:16,46550158-77e5-11ed-99c0-06156affe90a,5
260-1006850,12/9/2022 11:16,46878574-77e5-11ed-8675-06156affe90a,5
260-1006851,12/9/2022 11:16,46b5f88c-77e5-11ed-926a-06156affe90a,5
260-1006852,12/9/2022 11:16,46e5ba36-77e5-11ed-9724-06156affe90a,5
260-1006853,12/9/2022 11:16,4716b94c-77e5-11ed-bd8a-06156affe90a,5
260-1006854,12/9/2022 11:16,47452b4c-77e5-11ed-acec-06156affe90a,5
260-1006855,12/9/2022 11:16,477333d4-77e5-11ed-a134-06156affe90a,5
260-1006856,12/9/2022 11:16,47a41d64-77e5-11ed-8e0e-06156affe90a,5
260-1006857,12/9/2022 11:16,47d38e96-77e5-11ed-b94f-06156affe90a,5
260-1006858,12/9/2022 11:16,48016e4c-77e5-11ed-af31-06156affe90a,5
260-1006859,12/9/2022 11:16,4832831a-77e5-11ed-9092-06156affe90a,5
260-1006860,12/9/2022 11:16,4862690e-77e5-11ed-9f44-06156affe90a,5
260-1006861,12/9/2022 11:16,489022ae-77e5-11ed-a07d-06156affe90a,5
260-1006862,12/9/2022 11:16,48bed1da-77e5-11ed-a492-06156affe90a,5
260-1006863,12/9/2022 11:16,48efbd86-77e5-11ed-b00b-06156affe90a,5
260-1006864,12/9/2022 11:16,491dc3f2-77e5-11ed-a084-06156affe90a,5
260-1006865,12/9/2022 11:16,494eb35e-77e5-11ed-9c54-06156affe90a,5
260-1006866,12/9/2022 11:16,497d615e-77e5-11ed-a0f1-06156affe90a,5
260-8001128,12/9/2022 11:16,49ad88e8-77e5-11ed-b7b8-06156affe90a,5
260-8001129,12/9/2022 11:16,49dbc5aa-77e5-11ed-bd3a-06156affe90a,5
260-8001130,12/9/2022 11:16,4a098896-77e5-11ed-b0c3-06156affe90a,5
260-8001131,12/9/2022 11:16,4a38c912-77e5-11ed-acb6-06156affe90a,5
260-8001132,12/9/2022 11:16,4a686c12-77e5-11ed-a8a2-06156affe90a,5
260-8001133,12/9/2022 11:16,4a9762ec-77e5-11ed-9722-06156affe90a,5
260-8001134,12/9/2022 11:16,4ac72842-77e5-11ed-a7cb-06156affe90a,5
301-1013333,12/9/2022 11:16,4af72f92-77e5-11ed-bb54-06156affe90a,5
301-1013334,12/9/2022 11:16,4b26c4e6-77e5-11ed-af59-06156affe90a,5
301-1013335,12/9/2022 11:16,4b54d408-77e5-11ed-9096-06156affe90a,5
301-1013336,12/9/2022 11:16,4b835b16-77e5-11ed-9401-06156affe90a,5
301-1013337,12/9/2022 11:16,4bb2a966-77e5-11ed-b57e-06156affe90a,5
301-1013338,12/9/2022 11:16,4be117ba-77e5-11ed-9f59-06156affe90a,5
301-1013339,12/9/2022 11:16,4c0eac84-77e5-11ed-8560-06156affe90a,5
301-1013340,12/9/2022 11:16,4c3ccae2-77e5-11ed-8365-06156affe90a,5
301-1013341,12/9/2022 11:16,4c6ad478-77e5-11ed-9484-06156affe90a,5
301-1013342,12/9/2022 11:16,4c9acfde-77e5-11ed-97e0-06156affe90a,5
301-1013343,12/9/2022 11:16,4cc8a184-77e5-11ed-8846-06156affe90a,5
301-1013344,12/9/2022 11:16,4cf6d536-77e5-11ed-adb6-06156affe90a,5
301-1013345,12/9/2022 11:16,4d25ad48-77e5-11ed-bcea-06156affe90a,5
301-1013346,12/9/2022 11:16,4d549360-77e5-11ed-b7d9-06156affe90a,5
301-8000953,12/9/2022 11:16,4d82c302-77e5-11ed-baa8-06156affe90a,5
301-8000954,12/9/2022 11:16,4db20540-77e5-11ed-9ff9-06156affe90a,5
301-8000955,12/9/2022 11:16,4de12cbc-77e5-11ed-af6f-06156affe90a,5
301-8000956,12/9/2022 11:16,4e10bacc-77e5-11ed-85d2-06156affe90a,5
301-8000957,12/9/2022 11:16,4e441b42-77e5-11ed-bca0-06156affe90a,5
301-8000958,12/9/2022 11:16,4e744376-77e5-11ed-9c1c-06156affe90a,5
302-1021090,12/9/2022 11:16,4ea45bce-77e5-11ed-be27-06156affe90a,5
302-1021091,12/9/2022 11:16,4ed34da8-77e5-11ed-8765-06156affe90a,5
302-1021092,12/9/2022 11:16,4f028578-77e5-11ed-b571-06156affe90a,5
302-1021093,12/9/2022 11:16,4f32e6f0-77e5-11ed-b4d3-06156affe90a,5
302-1021094,12/9/2022 11:16,4f6278a2-77e5-11ed-8411-06156affe90a,5
302-1021095,12/9/2022 11:17,50335620-77e5-11ed-915c-02d06230d2dc,5
302-1021096,12/9/2022 11:17,5067ba46-77e5-11ed-8b55-02d06230d2dc,5
302-1021097,12/9/2022 11:17,5098d608-77e5-11ed-b0fb-02d06230d2dc,5
302-1021098,12/9/2022 11:17,50c90b3e-77e5-11ed-b4a5-02d06230d2dc,5
302-1021099,12/9/2022 11:17,50f9c0ee-77e5-11ed-9f0d-02d06230d2dc,5
302-1021100,12/9/2022 11:17,512a9aca-77e5-11ed-a8b1-02d06230d2dc,5
302-1021101,12/9/2022 11:17,515ab372-77e5-11ed-a4d3-02d06230d2dc,5
302-1021102,12/9/2022 11:17,518a42e0-77e5-11ed-a057-02d06230d2dc,5
302-1021103,12/9/2022 11:17,51ba33ba-77e5-11ed-b608-02d06230d2dc,5
302-1021104,12/9/2022 11:17,51eb0148-77e5-11ed-8fef-02d06230d2dc,5
302-1021105,12/9/2022 11:17,521aa52e-77e5-11ed-ba18-02d06230d2dc,5
302-1021106,12/9/2022 11:17,5249935c-77e5-11ed-819f-02d06230d2dc,5
302-1021107,12/9/2022 11:17,527b23a4-77e5-11ed-9e90-02d06230d2dc,5
302-8000796,12/9/2022 11:17,52ab4dd6-77e5-11ed-9c77-02d06230d2dc,5
302-8000797,12/9/2022 11:17,52da2f48-77e5-11ed-92be-02d06230d2dc,5
303-1012362,12/9/2022 11:17,530c21a6-77e5-11ed-ac46-02d06230d2dc,5
303-1012363,12/9/2022 11:17,533c8a44-77e5-11ed-9adb-02d06230d2dc,5
303-1012364,12/9/2022 11:17,536f2206-77e5-11ed-981e-02d06230d2dc,5
303-1012365,12/9/2022 11:17,539fddf6-77e5-11ed-9fad-02d06230d2dc,5
303-1012366,12/9/2022 11:17,53cf2552-77e5-11ed-8937-02d06230d2dc,5
303-1012367,12/9/2022 11:17,53ffcf86-77e5-11ed-bcd8-02d06230d2dc,5
303-1012368,12/9/2022 11:17,543079c4-77e5-11ed-824b-02d06230d2dc,5
303-1012369,12/9/2022 11:17,545fdc1e-77e5-11ed-8e65-02d06230d2dc,5
303-1012370,12/9/2022 11:17,54924186-77e5-11ed-99fb-02d06230d2dc,5
303-8001048,12/9/2022 11:17,54c28698-77e5-11ed-bcd1-02d06230d2dc,5
304-1011293,12/9/2022 11:17,54f26476-77e5-11ed-ae22-02d06230d2dc,5
304-1011294,12/9/2022 11:17,55230c3e-77e5-11ed-b5c4-02d06230d2dc,5
304-1011295,12/9/2022 11:17,5553146a-77e5-11ed-aa35-02d06230d2dc,5
304-1011296,12/9/2022 11:17,5582cd54-77e5-11ed-9845-02d06230d2dc,5
304-1011297,12/9/2022 11:17,55b40c52-77e5-11ed-9efa-02d06230d2dc,5
304-1011298,12/9/2022 11:17,55e50406-77e5-11ed-9951-02d06230d2dc,5
304-1011299,12/9/2022 11:17,5614ce7a-77e5-11ed-8b42-02d06230d2dc,5
304-1011300,12/9/2022 11:17,5644cfc6-77e5-11ed-8c68-02d06230d2dc,5
304-1011301,12/9/2022 11:17,5674926a-77e5-11ed-9231-02d06230d2dc,5
304-1011302,12/9/2022 11:17,56a646fc-77e5-11ed-af91-02d06230d2dc,5
304-8000876,12/9/2022 11:17,56d5cf3a-77e5-11ed-b71a-02d06230d2dc,5
305-1009759,12/9/2022 11:17,5707362e-77e5-11ed-9c33-02d06230d2dc,5
305-1009760,12/9/2022 11:17,5736a440-77e5-11ed-b1ed-02d06230d2dc,5
305-1009761,12/9/2022 11:17,576808f0-77e5-11ed-85fb-02d06230d2dc,5
305-1009762,12/9/2022 11:17,5798c1ca-77e5-11ed-ae93-02d06230d2dc,5
305-1009763,12/9/2022 11:17,57c8566a-77e5-11ed-ae85-02d06230d2dc,5
305-1009764,12/9/2022 11:17,57f95a12-77e5-11ed-b53d-02d06230d2dc,5
305-1009765,12/9/2022 11:17,582940f6-77e5-11ed-ac3c-02d06230d2dc,5
305-1009766,12/9/2022 11:17,5859e49a-77e5-11ed-b78b-02d06230d2dc,5
305-1009767,12/9/2022 11:17,588a5878-77e5-11ed-9a98-02d06230d2dc,5
305-1009768,12/9/2022 11:17,58bac8c8-77e5-11ed-b3dc-02d06230d2dc,5
305-1009769,12/9/2022 11:17,58e9673c-77e5-11ed-8e71-02d06230d2dc,5
305-1009770,12/9/2022 11:17,5919cfd0-77e5-11ed-a38c-02d06230d2dc,5
305-1009771,12/9/2022 11:17,5949fbb0-77e5-11ed-b90e-02d06230d2dc,5
305-1009772,12/9/2022 11:17,597a3de8-77e5-11ed-91e6-02d06230d2dc,5
305-1009773,12/9/2022 11:17,5a65e946-77e5-11ed-83ee-02d962f59f52,5
305-1009774,12/9/2022 11:17,5a9d8504-77e5-11ed-89c3-02d962f59f52,5
305-8000594,12/9/2022 11:17,5acd0824-77e5-11ed-b35a-02d962f59f52,5
305-8000595,12/9/2022 11:17,5afd28f6-77e5-11ed-9987-02d962f59f52,5
306-1019454,12/9/2022 11:17,5b2cca70-77e5-11ed-9593-02d962f59f52,5
306-1019455,12/9/2022 11:17,5b5c4a16-77e5-11ed-91a9-02d962f59f52,5
306-1019456,12/9/2022 11:17,5b8b4e6a-77e5-11ed-8d4f-02d962f59f52,5
306-1019457,12/9/2022 11:17,5bb9fe5e-77e5-11ed-9f56-02d962f59f52,5
306-1019458,12/9/2022 11:17,5be88c1a-77e5-11ed-8308-02d962f59f52,5
306-1019459,12/9/2022 11:17,5c172502-77e5-11ed-b715-02d962f59f52,5
306-1019460,12/9/2022 11:17,5c4654e4-77e5-11ed-abd2-02d962f59f52,5
306-1019461,12/9/2022 11:17,5c767e8a-77e5-11ed-a772-02d962f59f52,5
306-1019462,12/9/2022 11:17,5ca5ad7c-77e5-11ed-9e84-02d962f59f52,5
306-1019463,12/9/2022 11:17,5cd3b672-77e5-11ed-9062-02d962f59f52,5
306-1019464,12/9/2022 11:17,5d045b9c-77e5-11ed-b5b0-02d962f59f52,5
306-1019465,12/9/2022 11:17,5d348808-77e5-11ed-89d2-02d962f59f52,5
306-1019466,12/9/2022 11:17,5d63237a-77e5-11ed-baac-02d962f59f52,5
306-1019467,12/9/2022 11:17,5d9381b4-77e5-11ed-a36a-02d962f59f52,5
306-1019468,12/9/2022 11:17,5dc31424-77e5-11ed-8845-02d962f59f52,5
306-1019469,12/9/2022 11:17,5df393a6-77e5-11ed-a7a8-02d962f59f52,5
306-1019470,12/9/2022 11:17,5e2321de-77e5-11ed-8a97-02d962f59f52,5
306-1019471,12/9/2022 11:17,5e5395f8-77e5-11ed-9cca-02d962f59f52,5
306-1019472,12/9/2022 11:17,5e83db14-77e5-11ed-9371-02d962f59f52,5
306-1019473,12/9/2022 11:17,5eb328c4-77e5-11ed-abb5-02d962f59f52,5
306-1019474,12/9/2022 11:17,5ee29ff0-77e5-11ed-ab20-02d962f59f52,5
306-1019475,12/9/2022 11:17,5f14b2b0-77e5-11ed-a5e0-02d962f59f52,5
306-1019476,12/9/2022 11:17,5f444fca-77e5-11ed-8654-02d962f59f52,5
306-1019477,12/9/2022 11:17,5f74224a-77e5-11ed-8415-02d962f59f52,5
306-1019478,12/9/2022 11:17,5fa303ee-77e5-11ed-8641-02d962f59f52,5
306-1019479,12/9/2022 11:17,5fd282ae-77e5-11ed-a835-02d962f59f52,5
306-1019480,12/9/2022 11:17,60011d30-77e5-11ed-9549-02d962f59f52,5
306-1019481,12/9/2022 11:17,602fb87a-77e5-11ed-8bf8-02d962f59f52,5
306-1019482,12/9/2022 11:17,605f4cb6-77e5-11ed-8b3c-02d962f59f52,5
306-8001096,12/9/2022 11:17,608d8cac-77e5-11ed-b5c9-02d962f59f52,5
308-1007641,12/9/2022 11:17,60bc082a-77e5-11ed-972f-02d962f59f52,5
308-1007642,12/9/2022 11:17,60ea64d6-77e5-11ed-9db7-02d962f59f52,5
308-1007643,12/9/2022 11:17,611cd68c-77e5-11ed-b869-02d962f59f52,5
308-1007644,12/9/2022 11:17,614d71e8-77e5-11ed-bc48-02d962f59f52,5
308-1007645,12/9/2022 11:17,617d83a6-77e5-11ed-9321-02d962f59f52,5
308-1007646,12/9/2022 11:17,61ad4550-77e5-11ed-8714-02d962f59f52,5
308-1007647,12/9/2022 11:17,61dd9746-77e5-11ed-a193-02d962f59f52,5
308-1007648,12/9/2022 11:17,620cab08-77e5-11ed-8328-02d962f59f52,5
308-1007649,12/9/2022 11:17,623c7fa4-77e5-11ed-aee1-02d962f59f52,5
308-1007650,12/9/2022 11:17,626b429e-77e5-11ed-991a-02d962f59f52,5
308-1007651,12/9/2022 11:17,629b8a3a-77e5-11ed-a8cd-02d962f59f52,5
308-1007652,12/9/2022 11:17,62cc1f6a-77e5-11ed-9fe4-02d962f59f52,5
308-1007653,12/9/2022 11:17,62fb6662-77e5-11ed-bf41-02d962f59f52,5
308-1007654,12/9/2022 11:17,632af31e-77e5-11ed-b757-02d962f59f52,5
308-1007655,12/9/2022 11:17,6359d47c-77e5-11ed-9d6c-02d962f59f52,5
308-1007656,12/9/2022 11:17,638a52f0-77e5-11ed-90cc-02d962f59f52,5
308-1007657,12/9/2022 11:17,6453aa6a-77e5-11ed-ace8-069eed229002,5
308-1007658,12/9/2022 11:17,64856a28-77e5-11ed-aad1-069eed229002,5
308-1007659,12/9/2022 11:17,64b4e640-77e5-11ed-8a01-069eed229002,5
308-1007660,12/9/2022 11:17,64e3c74e-77e5-11ed-91e6-069eed229002,5
308-1007661,12/9/2022 11:17,65130b58-77e5-11ed-afe5-069eed229002,5
308-1007662,12/9/2022 11:17,654434e4-77e5-11ed-8e01-069eed229002,5
308-1007663,12/9/2022 11:17,65721bb6-77e5-11ed-986b-069eed229002,5
308-1007664,12/9/2022 11:17,65a027ea-77e5-11ed-9e02-069eed229002,5
308-8000500,12/9/2022 11:17,65cf16ea-77e5-11ed-8329-069eed229002,5
308-8000501,12/9/2022 11:17,65fed51a-77e5-11ed-bd76-069eed229002,5
308-8000502,12/9/2022 11:17,662e0e3e-77e5-11ed-b377-069eed229002,5
310-1003640,12/9/2022 11:17,665c6324-77e5-11ed-bacf-069eed229002,5
310-1003641,12/9/2022 11:17,668b7d3a-77e5-11ed-bcfa-069eed229002,5
310-1003642,12/9/2022 11:17,66bb2260-77e5-11ed-a9fd-069eed229002,5
310-1003643,12/9/2022 11:17,66eb369e-77e5-11ed-b52d-069eed229002,5
310-1003644,12/9/2022 11:17,671aeba0-77e5-11ed-932f-069eed229002,5
310-1003645,12/9/2022 11:17,674cf122-77e5-11ed-b0bb-069eed229002,5
310-1003646,12/9/2022 11:17,677f0b58-77e5-11ed-8cdd-069eed229002,5
310-1003647,12/9/2022 11:17,67afbd98-77e5-11ed-a64d-069eed229002,5
310-1003648,12/9/2022 11:17,67de0298-77e5-11ed-908f-069eed229002,5
310-1003649,12/9/2022 11:17,680cc038-77e5-11ed-a9b7-069eed229002,5
310-1003650,12/9/2022 11:17,683b5100-77e5-11ed-9aca-069eed229002,5
310-1003651,12/9/2022 11:17,686a21c4-77e5-11ed-b861-069eed229002,5
310-1003652,12/9/2022 11:17,689aa11e-77e5-11ed-9c17-069eed229002,5
310-8000311,12/9/2022 11:17,68c9f70c-77e5-11ed-b070-069eed229002,5
310-8000312,12/9/2022 11:17,68f8a8fe-77e5-11ed-930d-069eed229002,5
310-8000313,12/9/2022 11:17,6927e36c-77e5-11ed-a320-069eed229002,5
310-8000314,12/9/2022 11:17,6956c2ea-77e5-11ed-a608-069eed229002,5
310-8000315,12/9/2022 11:17,698856ac-77e5-11ed-b173-069eed229002,5
310-8000316,12/9/2022 11:17,69b78008-77e5-11ed-a4a8-069eed229002,5
311-1003308,12/9/2022 11:17,69e65914-77e5-11ed-a832-069eed229002,5
311-1003309,12/9/2022 11:17,6a1636f2-77e5-11ed-ae8d-069eed229002,5
311-1003310,12/9/2022 11:17,6a449d58-77e5-11ed-b2fb-069eed229002,5
311-1003311,12/9/2022 11:17,6a757644-77e5-11ed-ab21-069eed229002,5
311-1003312,12/9/2022 11:17,6aa43196-77e5-11ed-9418-069eed229002,5
311-1003313,12/9/2022 11:17,6ad32eb0-77e5-11ed-b2ab-069eed229002,5
311-1003314,12/9/2022 11:17,6b026644-77e5-11ed-bbc2-069eed229002,5
311-1003315,12/9/2022 11:17,6b318816-77e5-11ed-992e-069eed229002,5
311-1003316,12/9/2022 11:17,6b606672-77e5-11ed-82dc-069eed229002,5
311-1003317,12/9/2022 11:17,6b8f79bc-77e5-11ed-a042-069eed229002,5
311-8000163,12/9/2022 11:17,6bbef1ba-77e5-11ed-a9ea-069eed229002,5
311-8000164,12/9/2022 11:17,6beebada-77e5-11ed-9d10-069eed229002,5
311-8000165,12/9/2022 11:17,6c1ecd6a-77e5-11ed-b7e5-069eed229002,5
312-1005243,12/9/2022 11:17,6c5031f2-77e5-11ed-add8-069eed229002,5
312-1005244,12/9/2022 11:17,6c808cee-77e5-11ed-b53c-069eed229002,5
312-1005245,12/9/2022 11:17,6cb032b4-77e5-11ed-a9c7-069eed229002,5
312-1005246,12/9/2022 11:17,6cdf9f5e-77e5-11ed-97f2-069eed229002,5
312-1005247,12/9/2022 11:17,6d10dda8-77e5-11ed-9a47-069eed229002,5
312-1005248,12/9/2022 11:17,6d40962e-77e5-11ed-bbe5-069eed229002,5
312-1005249,12/9/2022 11:17,6d6f11ca-77e5-11ed-8b4e-069eed229002,5
312-1005250,12/9/2022 11:17,6e441870-77e5-11ed-913c-02d06230d2dc,5
312-1005251,12/9/2022 11:17,6e7b6da2-77e5-11ed-a039-02d06230d2dc,5
312-1005252,12/9/2022 11:17,6eacb7c2-77e5-11ed-a13b-02d06230d2dc,5
312-1005253,12/9/2022 11:17,6edd51c0-77e5-11ed-89a9-02d06230d2dc,5
312-1005254,12/9/2022 11:17,6f0e6ad0-77e5-11ed-af72-02d06230d2dc,5
312-1005255,12/9/2022 11:17,6f40b044-77e5-11ed-ace2-02d06230d2dc,5
312-1005256,12/9/2022 11:17,6f709cfa-77e5-11ed-8582-02d06230d2dc,5
312-1005257,12/9/2022 11:17,6fa24778-77e5-11ed-8780-02d06230d2dc,5
313-1001130,12/9/2022 11:17,6fd1822c-77e5-11ed-9762-02d06230d2dc,5
313-1001131,12/9/2022 11:17,7000e878-77e5-11ed-9d7a-02d06230d2dc,5
314-1000957,12/9/2022 11:17,70303704-77e5-11ed-a71a-02d06230d2dc,5
314-1000958,12/9/2022 11:17,70608ba2-77e5-11ed-971c-02d06230d2dc,5
314-1000959,12/9/2022 11:17,708f6ca6-77e5-11ed-aa85-02d06230d2dc,5
314-1000960,12/9/2022 11:17,70be910c-77e5-11ed-8bc5-02d06230d2dc,5
314-1000961,12/9/2022 11:17,70edc2f6-77e5-11ed-80d9-02d06230d2dc,5
314-1000962,12/9/2022 11:17,711f08b6-77e5-11ed-9264-02d06230d2dc,5
314-1000963,12/9/2022 11:17,714fe936-77e5-11ed-bd1b-02d06230d2dc,5
314-8000023,12/9/2022 11:17,71ba80ac-77e5-11ed-95cf-02d06230d2dc,5
314-8000024,12/9/2022 11:17,71ee94dc-77e5-11ed-b7f1-02d06230d2dc,5
260-1006816,12/9/2022 12:00,61fedfa4-77eb-11ed-abdb-06156affe90a,2
260-1006823,12/9/2022 12:00,622dd05c-77eb-11ed-a405-06156affe90a,2
260-1006825,12/9/2022 12:00,625bfb8a-77eb-11ed-b69d-06156affe90a,2
260-1006833,12/9/2022 12:00,628ae13e-77eb-11ed-9f90-06156affe90a,2
260-1006836,12/9/2022 12:00,62bb0c9c-77eb-11ed-bf9b-06156affe90a,2
260-1006837,12/9/2022 12:00,62eaa970-77eb-11ed-b5d7-06156affe90a,2
260-1006839,12/9/2022 12:30,9b726e82-77ef-11ed-99c8-02d962f59f52,2
260-1006840,12/9/2022 12:30,9ba4663a-77ef-11ed-a6bd-02d962f59f52,2
260-1006842,12/9/2022 12:45,b3c267f6-77f1-11ed-9c16-02d06230d2dc,2
304-1011302,12/9/2022 12:45,b48c23de-77f1-11ed-ac2b-02d06230d2dc,5
308-1007660,12/9/2022 12:45,b4bdc8ee-77f1-11ed-8108-02d06230d2dc,2
312-1005252,12/9/2022 12:45,b52161ce-77f1-11ed-abe0-02d06230d2dc,5
260-1006844,12/9/2022 13:15,d472af5c-77f5-11ed-b0bf-06156affe90a,2
260-1006845,12/9/2022 13:15,d4a5b6ea-77f5-11ed-a30e-06156affe90a,2
260-1006848,12/9/2022 13:30,f1ea1960-77f7-11ed-a8ca-069eed229002,2
260-1006853,12/9/2022 13:30,f21a117e-77f7-11ed-ae15-069eed229002,2
260-1006855,12/9/2022 13:30,f249e8c2-77f7-11ed-b193-069eed229002,2
260-1006858,12/9/2022 13:30,f278b670-77f7-11ed-9395-069eed229002,2
260-1006862,12/9/2022 13:30,f2a98e3a-77f7-11ed-bf6e-069eed229002,2
260-1006863,12/9/2022 13:30,f2d8f5c6-77f7-11ed-860a-069eed229002,2
260-1006864,12/9/2022 13:30,f3080ba4-77f7-11ed-a3e3-069eed229002,2
260-1006865,12/9/2022 13:30,f33700d0-77f7-11ed-be6d-069eed229002,2
260-1006866,12/9/2022 13:30,f3663d00-77f7-11ed-ae66-069eed229002,2
210-1021930,12/9/2022 13:45,0b0c4754-77fa-11ed-9193-06156affe90a,2
200-1107940,12/9/2022 14:15,3d4e0ef6-77fe-11ed-ba12-069eed229002,2
220-1172557,12/9/2022 14:15,3f13af52-77fe-11ed-91d6-069eed229002,2
220-1172564,12/9/2022 14:15,3f36a4bc-77fe-11ed-a1e1-069eed229002,2
220-1172590,12/9/2022 14:15,3f59fff2-77fe-11ed-8247-069eed229002,2
260-1006816,12/9/2022 14:15,409396ee-77fe-11ed-b0e3-069eed229002,2
260-1006848,12/9/2022 14:15,40b61642-77fe-11ed-9e48-069eed229002,2
260-1006853,12/9/2022 14:15,40d9eacc-77fe-11ed-9e02-069eed229002,2
260-1006858,12/9/2022 14:15,40fcf18e-77fe-11ed-a23a-069eed229002,2
260-1006866,12/9/2022 14:15,4120d8a6-77fe-11ed-9fb1-069eed229002,2
210-1021931,12/9/2022 14:30,569a6ff6-7800-11ed-b36d-069eed229002,2
260-1006829,12/9/2022 14:30,585a48ac-7800-11ed-bc3e-069eed229002,2
260-1006830,12/9/2022 14:30,587a66d2-7800-11ed-a4f0-069eed229002,2
260-1006832,12/9/2022 14:30,589b2b1a-7800-11ed-aafe-069eed229002,2
260-1006835,12/9/2022 14:30,58bb071e-7800-11ed-b36f-069eed229002,2
260-1006841,12/9/2022 14:30,58db36f6-7800-11ed-8e3c-069eed229002,2
260-1006843,12/9/2022 14:30,58fbfda0-7800-11ed-8ff0-069eed229002,2
260-1006846,12/9/2022 14:30,591c1810-7800-11ed-90b1-069eed229002,2
260-1006852,12/9/2022 14:30,593cde74-7800-11ed-a842-069eed229002,2
260-1006856,12/9/2022 14:30,595d54d8-7800-11ed-993c-069eed229002,2
260-1006866,12/9/2022 14:30,597ddd2a-7800-11ed-b05f-069eed229002,2
200-1107923,12/9/2022 14:45,6d03f90e-7802-11ed-aef6-02d06230d2dc,2
220-1172593,12/9/2022 14:45,6ec54e82-7802-11ed-8d1b-02d06230d2dc,2
260-1006844,12/9/2022 14:45,6f778944-7802-11ed-83e1-02d06230d2dc,2
260-1006845,12/9/2022 14:45,6f95a8b6-7802-11ed-8a27-02d06230d2dc,2
260-1006855,12/9/2022 14:45,6fb48cea-7802-11ed-a6e7-02d06230d2dc,2
260-1006857,12/9/2022 14:45,6fd1eb78-7802-11ed-a5cf-02d06230d2dc,2
260-1006859,12/9/2022 14:45,6ff045f0-7802-11ed-b065-02d06230d2dc,2
260-1006861,12/9/2022 14:45,700e473a-7802-11ed-8e1b-02d06230d2dc,2
260-1006862,12/9/2022 14:45,702d6ec6-7802-11ed-8b84-02d06230d2dc,2
260-1006863,12/9/2022 14:45,704c3130-7802-11ed-b59f-02d06230d2dc,2
260-1006864,12/9/2022 14:45,706f7eb0-7802-11ed-81a2-02d06230d2dc,2
260-1006865,12/9/2022 14:45,708cd28a-7802-11ed-b25b-02d06230d2dc,2
